PLAYER,TEAM_SH,G,GS,MP,TRB,AST,STL,BLK,PS/G,GP,W,L,NETRTG,TS%,PIE,MPG,RPM,WINS,pageviews,TWITTER_FAVORITE_COUNT,TWITTER_RETWEET_COUNT,TEAM,SALARY,AVG,PCT
Kris Humphries,ATL,56,4,12.3,3.7,0.5,0.3,0.4,4.6,56,31,25,-4.4,51.4,10.5,12.3,-1.89,0.54,1235.839,67.0,9.0,Atlanta Hawks,4000000.0,15958.0,85.2
DeAndre' Bembry,ATL,38,1,9.8,1.6,0.7,0.2,0.1,2.7,38,20,18,-3.4,48.1,7.2,9.8,-3.39,-0.05,34.889,0.0,0.0,Atlanta Hawks,1499760.0,15958.0,85.2
Thabo Sefolosha,ATL,62,42,25.7,4.4,1.7,1.5,0.5,7.2,62,32,30,-0.5,51.9,8.6,25.7,0.34,3.55,151.367,28.5,17.5,Atlanta Hawks,3850000.0,15958.0,85.2
Ryan Kelly,ATL,16,0,6.9,1.1,0.5,0.3,0.3,1.6,16,6,10,2.6,40.8,7.3,6.9,-0.49,0.08,10.16,17.0,10.0,Atlanta Hawks,1577230.0,15958.0,85.2
Dennis Schroder,ATL,79,78,31.5,3.1,6.3,0.9,0.2,17.9,79,42,37,-2.0,53.3,11.7,31.5,-2.45,1.07,1.233,51.5,20.0,Atlanta Hawks,2708582.0,15958.0,85.2
Dwight Howard,ATL,74,74,29.7,12.7,1.4,0.9,1.2,13.5,74,37,37,-2.0,62.7,15.1,29.7,0.9,5.65,1323.27,7.0,1.0,Atlanta Hawks,23180275.0,15958.0,85.2
Paul Millsap,ATL,69,67,34.0,7.7,3.7,1.3,0.9,18.1,69,40,29,2.0,54.2,12.6,34.0,4.58,11.51,221.887,60.0,32.0,Atlanta Hawks,20072033.0,15958.0,85.2
DeAndre' Bembry,ATL,38,1,9.8,1.6,0.7,0.2,0.1,2.7,38,20,18,-3.4,48.1,7.2,9.8,-3.39,-0.05,34.889,0.0,0.0,Atlanta Hawks,1567200.0,15958.0,85.2
Kent Bazemore,ATL,73,64,26.9,3.2,2.4,1.2,0.7,11.0,73,39,34,-2.3,50.4,7.4,26.9,-1.19,2.41,220.928,0.0,0.0,Atlanta Hawks,15730338.0,15958.0,85.2
Mike Muscala,ATL,70,3,17.7,3.4,1.4,0.4,0.6,6.2,70,36,34,-3.1,59.6,9.7,17.7,-0.38,2.11,356.07342944785296,0.0,0.0,Atlanta Hawks,2649557.0,15958.0,85.2
Lamar Patterson,ATL,5,0,8.0,1.4,1.2,0.2,0.0,1.8,5,1,4,16.8,27.6,-0.4,8.0,-1.61,0.03,36.143,4.0,4.0,Atlanta Hawks,246956.0,15958.0,85.2
Malcolm Delaney,ATL,73,2,17.1,1.7,2.6,0.5,0.0,5.4,73,37,36,2.2,45.6,6.4,17.1,-2.89,0.18,106.111,1.0,1.0,Atlanta Hawks,2500000.0,15958.0,85.2
Mike Scott,ATL,18,0,10.8,2.1,0.9,0.2,0.2,2.5,18,7,11,-8.5,36.0,5.8,10.8,-2.66,0.06,2.705,2.0,1.0,Atlanta Hawks,3333334.0,15958.0,85.2
Jaylen Brown,BOS,78,20,17.2,2.8,0.8,0.4,0.2,6.6,78,50,28,-2.2,53.9,7.1,17.2,-3.37,-0.21,308.763,0.0,100.0,Boston Celtics,4743000.0,18553.0,99.6
Gerald Green,BOS,47,0,11.4,1.8,0.7,0.2,0.1,5.6,47,32,15,1.3,52.4,8.1,11.4,-2.74,0.13,356.07342944785296,0.0,0.0,Boston Celtics,2649557.0,18553.0,99.6
Jordan Mickey,BOS,25,1,5.6,1.4,0.3,0.1,0.2,1.5,25,9,16,-17.1,47.3,6.0,5.6,-2.77,0.03,56.781,0.0,3.0,Boston Celtics,1471382.0,18553.0,99.6
Jonas Jerebko,BOS,78,6,15.8,3.5,0.9,0.3,0.2,3.8,78,51,27,3.2,53.7,6.9,15.8,-1.03,1.63,130.587,7.0,17.0,Boston Celtics,5000000.0,18553.0,99.6
Isaiah Thomas,BOS,76,76,33.8,2.7,5.9,0.9,0.2,28.9,76,51,25,5.0,62.5,16.1,33.8,1.83,8.19,356.07342944785296,0.0,0.0,Boston Celtics,2649557.0,18553.0,99.6
Demetrius Jackson,BOS,5,0,3.4,0.8,0.6,0.0,0.0,2.0,5,1,4,6.3,75.3,19.4,3.4,-2.07,0.01,75.052,0.0,0.0,Boston Celtics,1450000.0,18553.0,99.6
Al Horford,BOS,68,68,32.3,6.8,5.0,0.8,1.3,14.0,68,46,22,5.0,55.3,12.5,32.3,1.82,6.93,569.636,136.0,71.0,Boston Celtics,26540100.0,18553.0,99.6
Avery Bradley,BOS,55,55,33.4,6.1,2.2,1.2,0.2,16.3,55,34,21,1.2,54.8,9.9,33.4,-2.16,1.13,171.512,0.0,0.0,Boston Celtics,8269663.0,18553.0,99.6
Marcus Smart,BOS,79,24,30.4,3.9,4.6,1.6,0.4,10.6,79,51,28,2.5,48.6,8.1,30.4,0.75,5.98,194.047,1.0,9.0,Boston Celtics,3578880.0,18553.0,99.6
Tyler Zeller,BOS,51,5,10.3,2.4,0.8,0.1,0.4,3.5,51,32,19,0.2,50.8,8.5,10.3,-2.3,0.28,148.93,15.0,14.0,Boston Celtics,8000000.0,18553.0,99.6
Demetrius Jackson,BOS,5,0,3.4,0.8,0.6,0.0,0.0,2.0,5,1,4,6.3,75.3,19.4,3.4,-2.07,0.01,75.052,0.0,0.0,Boston Celtics,1384750.0,18553.0,99.6
James Young,BOS,29,0,7.6,0.9,0.1,0.3,0.1,2.3,29,16,13,-5.8,54.9,6.4,7.6,-2.16,0.14,4.97,0.0,12.0,Boston Celtics,1825200.0,18553.0,99.6
Kelly Olynyk,BOS,75,6,20.5,4.8,2.0,0.6,0.4,9.0,75,49,26,-0.4,60.3,11.0,20.5,0.5,3.54,191.661,56.5,16.0,Boston Celtics,3094014.0,18553.0,99.6
Jae Crowder,BOS,72,72,32.4,5.8,2.2,1.0,0.3,13.9,72,48,24,7.8,61.3,10.3,32.4,3.89,10.52,217.84,55.0,47.0,Boston Celtics,6286408.0,18553.0,99.6
Terry Rozier,BOS,74,0,17.1,3.1,1.8,0.6,0.1,5.5,74,47,27,-0.2,46.6,9.1,17.1,-1.06,1.65,97.465,2.0,6.0,Boston Celtics,1906440.0,18553.0,99.6
Amir Johnson,BOS,80,77,20.1,4.6,1.8,0.6,0.8,6.5,80,51,29,8.0,62.8,9.1,20.1,3.8,7.02,136.077,31.5,6.0,Boston Celtics,12000000.0,18553.0,99.6
Trevor Booker,BRK,71,43,24.7,8.0,1.9,1.1,0.4,10.0,71,18,53,-7.9,55.4,12.7,24.7,-0.29,3.3,80.971,16.5,8.0,Brooklyn Nets,9250000.0,15429.0,85.2
Luis Scola,BRK,36,1,12.8,3.9,1.0,0.4,0.1,5.1,36,7,29,-8.0,55.0,8.9,12.8,-1.09,0.62,249.48,16.0,60.0,Brooklyn Nets,5500000.0,15429.0,85.2
Isaiah Whitehead,BRK,73,26,22.5,2.5,2.6,0.6,0.5,7.4,73,17,56,-2.9,48.7,5.2,22.5,-3.11,0.02,356.07342944785296,0.0,0.0,Brooklyn Nets,2649557.0,15429.0,85.2
Caris LeVert,BRK,57,26,21.7,3.3,1.9,0.9,0.1,8.2,57,15,42,-2.7,55.6,8.6,21.7,-1.3,1.53,104.435,0.0,28.0,Brooklyn Nets,1562280.0,15429.0,85.2
Rondae Hollis-Jefferson,BRK,78,50,22.6,5.8,2.0,1.1,0.6,8.7,78,19,59,-4.7,51.7,9.8,22.6,-0.38,3.29,80.986,0.0,0.0,Brooklyn Nets,1395600.0,15429.0,85.2
Joe Harris,BRK,52,11,21.9,2.8,1.0,0.6,0.2,8.2,52,10,42,-10.5,55.8,6.1,21.9,-4.19,-0.82,356.07342944785296,0.0,0.0,Brooklyn Nets,2649557.0,15429.0,85.2
Justin Hamilton,BRK,64,7,18.4,4.1,0.9,0.5,0.7,6.9,64,14,50,-11.3,55.0,9.2,18.4,-2.06,0.84,356.07342944785296,0.0,0.0,Brooklyn Nets,2649557.0,15429.0,85.2
Spencer Dinwiddie,BRK,59,18,22.6,2.8,3.1,0.7,0.4,7.3,59,13,46,-4.9,58.1,8.7,22.6,-0.49,2.29,356.07342944785296,0.0,0.0,Brooklyn Nets,2649557.0,15429.0,85.2
Randy Foye,BRK,69,40,18.6,2.2,2.0,0.5,0.1,5.2,69,17,52,-7.0,50.6,5.7,18.6,-4.12,-0.85,172.759,2.0,4.0,Brooklyn Nets,2500000.0,15429.0,85.2
Anthony Bennett,BRK,23,1,11.5,3.4,0.5,0.2,0.1,5.0,23,3,20,-10.6,53.3,9.4,11.5,-2.05,0.19,9.388,9.0,10.5,Brooklyn Nets,1015696.0,15429.0,85.2
Greivis Vasquez,BRK,3,0,13.0,0.7,1.7,0.3,0.3,2.3,3,1,2,-18.7,37.6,0.9,13.0,-2.15,0.03,16.721,10.0,8.5,Brooklyn Nets,4347826.0,15429.0,85.2
Brook Lopez,BRK,75,75,29.6,5.4,2.3,0.5,1.7,20.5,75,20,55,-4.2,57.8,12.4,29.6,1.95,7.59,322.084,0.0,0.0,Brooklyn Nets,21165675.0,15429.0,85.2
Jeremy Lin,BRK,36,33,24.5,3.8,5.1,1.2,0.4,14.5,36,13,23,-2.9,56.6,13.1,24.5,0.45,2.21,1404.816,936.5,197.5,Brooklyn Nets,11483254.0,15429.0,85.2
Sean Kilpatrick,BRK,70,24,25.1,4.0,2.2,0.6,0.1,13.1,70,14,56,-6.4,54.6,9.9,25.1,-2.43,0.81,114.615,0.0,0.0,Brooklyn Nets,1524305.0,15429.0,85.2
Paul Zipser,CHI,44,18,19.2,2.8,0.8,0.3,0.4,5.5,44,21,23,1.6,50.3,5.0,19.2,-3.56,-0.23,356.07342944785296,0.0,0.0,Brooklyn Nets,2649557.0,15429.0,85.2
Jerian Grant,CHI,63,28,16.3,1.8,1.9,0.7,0.1,5.9,63,29,34,2.6,55.5,8.4,16.3,1.57,3.03,248.859,25.0,32.5,Chicago Bulls,1643040.0,21680.0,103.6
Rajon Rondo,CHI,69,42,26.7,5.1,6.7,1.4,0.2,7.8,69,34,35,-2.1,46.1,10.6,26.7,-1.84,1.51,857.652,185.5,74.0,Chicago Bulls,14000000.0,21680.0,103.6
Robin Lopez,CHI,81,81,28.0,6.4,1.0,0.2,1.4,10.4,81,40,41,0.2,51.1,8.3,28.0,-1.44,2.42,354.253,0.0,0.0,Chicago Bulls,13219250.0,21680.0,103.6
Dwyane Wade,CHI,60,59,29.9,4.5,3.8,1.4,0.7,18.3,60,29,31,-2.4,50.8,12.1,29.9,-0.91,2.52,2694.345,349.5,149.5,Chicago Bulls,23200000.0,21680.0,103.6
Cristiano Felicio,CHI,66,0,15.8,4.7,0.6,0.4,0.3,4.8,66,31,35,-0.1,60.3,10.0,15.8,-1.16,1.28,356.07342944785296,0.0,0.0,Chicago Bulls,2649557.0,21680.0,103.6
Bobby Portis,CHI,64,13,15.6,4.6,0.5,0.3,0.2,6.8,64,30,34,-4.3,54.5,11.0,15.6,-2.44,0.43,111.318,37.0,73.0,Chicago Bulls,1453680.0,21680.0,103.6
Bobby Portis,CHI,64,13,15.6,4.6,0.5,0.3,0.2,6.8,64,30,34,-4.3,54.5,11.0,15.6,-2.44,0.43,111.318,37.0,73.0,Chicago Bulls,1516320.0,21680.0,103.6
Michael Carter-Williams,CHI,45,19,18.8,3.4,2.5,0.8,0.5,6.6,45,25,20,-0.8,43.7,7.0,18.8,-1.7,0.77,339.425,0.0,5.0,Chicago Bulls,3183526.0,21680.0,103.6
Nikola Mirotic,CHI,70,15,24.0,5.5,1.1,0.8,0.8,10.6,70,37,33,4.7,54.6,10.4,24.0,2.23,5.69,2.682,119.0,50.5,Chicago Bulls,5782450.0,21680.0,103.6
Denzel Valentine,CHI,57,0,17.1,2.6,1.1,0.5,0.1,5.1,57,28,29,-0.5,49.2,5.8,17.1,-2.08,0.64,303.461,23.0,24.0,Chicago Bulls,2092200.0,21680.0,103.6
Jimmy Butler,CHI,76,75,37.0,6.2,5.5,1.9,0.4,23.9,76,40,36,3.0,58.6,16.4,37.0,6.62,17.35,21.7,89.5,30.0,Chicago Bulls,17552209.0,21680.0,103.6
Isaiah Canaan,CHI,39,0,15.2,1.3,0.9,0.6,0.0,4.6,39,19,20,-6.8,48.3,5.6,15.2,-4.12,-0.37,97.905,24.5,8.0,Chicago Bulls,1015696.0,21680.0,103.6
Jeremy Lamb,CHO,62,5,18.4,4.3,1.2,0.4,0.4,9.7,62,27,35,-1.1,55.0,12.4,18.4,-1.28,1.31,106.272,0.0,0.0,Charlotte Hornets,6511628.0,17332.0,90.9
Michael Kidd-Gilchrist,CHO,81,81,29.0,7.0,1.4,1.0,1.0,9.2,81,36,45,1.6,52.8,9.3,29.0,0.5,5.31,236.845,29.0,11.0,Charlotte Hornets,13000000.0,17332.0,90.9
Brian Roberts,CHO,41,2,10.1,1.0,1.3,0.2,0.0,3.5,41,16,25,-7.0,51.0,7.7,10.1,-3.69,-0.15,356.07342944785296,0.0,0.0,Charlotte Hornets,2649557.0,17332.0,90.9
Treveon Graham,CHO,27,1,7.0,0.8,0.2,0.2,0.0,2.1,27,10,17,-11.6,61.2,6.5,7.0,-2.17,0.11,17.847,0.0,0.0,Charlotte Hornets,1312611.0,17332.0,90.9
Christian Wood,CHO,13,0,8.2,2.2,0.2,0.2,0.5,2.7,13,5,8,5.5,59.1,9.3,8.2,-1.09,0.13,52.943,0.0,0.0,Charlotte Hornets,874636.0,17332.0,90.9
Ramon Sessions,CHO,50,1,16.2,1.5,2.6,0.5,0.1,6.2,50,23,27,-4.8,49.5,7.9,16.2,-3.05,0.04,75.682,0.0,0.0,Charlotte Hornets,6000000.0,17332.0,90.9
Kemba Walker,CHO,79,79,34.7,3.9,5.5,1.1,0.3,23.2,79,36,43,3.6,56.9,13.7,34.7,2.68,9.95,353.443,59.5,32.5,Charlotte Hornets,12000000.0,17332.0,90.9
Cody Zeller,CHO,62,58,27.8,6.5,1.6,1.0,0.9,10.3,62,33,29,5.4,60.4,9.6,27.8,3.35,6.97,163.988,90.0,29.0,Charlotte Hornets,5318313.0,17332.0,90.9
Aaron Harrison,CHO,5,0,3.4,0.6,0.6,0.0,0.0,0.2,5,2,3,-18.6,10.2,0.0,3.4,-1.74,0.01,222.966,0.0,0.0,Charlotte Hornets,874636.0,17332.0,90.9
Mike Tobey,CHO,2,0,12.5,1.5,0.5,0.0,0.0,1.0,2,0,2,-27.3,25.0,-1.6,12.5,-0.92,0.03,356.07342944785296,0.0,0.0,Charlotte Hornets,2649557.0,17332.0,90.9
Frank Kaminsky,CHO,75,16,26.1,4.5,2.2,0.6,0.5,11.7,75,31,44,0.9,50.2,8.5,26.1,0.45,4.4,274.311,112.5,29.0,Charlotte Hornets,2730000.0,17332.0,90.9
Nicolas Batum,CHO,77,77,34.0,6.2,5.9,1.1,0.4,15.1,77,35,42,1.3,52.9,11.8,34.0,0.95,6.73,181.519,114.5,66.0,Charlotte Hornets,20869566.0,17332.0,90.9
Marco Belinelli,CHO,74,0,24.0,2.4,2.0,0.6,0.1,10.5,74,34,40,-0.1,56.6,8.8,24.0,-1.2,2.15,138.896,0.0,15.0,Charlotte Hornets,6333333.0,17332.0,90.9
Marvin Williams,CHO,76,76,30.2,6.6,1.4,0.8,0.7,11.2,76,32,44,-0.5,55.1,9.6,30.2,-0.09,4.36,141.469,0.0,0.0,Charlotte Hornets,12250000.0,17332.0,90.9
Kevin Love,CLE,60,60,31.4,11.1,1.9,0.9,0.4,19.0,60,40,20,7.2,57.3,14.8,31.4,5.03,9.76,1418.113,866.5,194.5,Cleveland Cavaliers,21165675.0,20562.0,100.0
Channing Frye,CLE,74,15,18.9,3.9,0.6,0.4,0.5,9.1,74,44,30,1.0,61.2,10.1,18.9,1.04,3.7,451.543,8.0,4.0,Cleveland Cavaliers,7806971.0,20562.0,100.0
Chris Andersen,CLE,12,0,9.5,2.6,0.4,0.4,0.6,2.3,12,8,4,4.3,49.7,6.3,9.5,-0.38,0.2,356.07342944785296,0.0,0.0,Cleveland Cavaliers,2649557.0,20562.0,100.0
Dahntay Jones,CLE,1,0,12.0,2.0,1.0,0.0,0.0,9.0,1,0,1,4.3,46.1,7.6,12.0,-2.06,0.01,356.07342944785296,0.0,0.0,Cleveland Cavaliers,2649557.0,20562.0,100.0
LeBron James,CLE,74,74,37.8,8.6,8.7,1.2,0.6,26.4,74,51,23,7.7,61.9,18.3,37.8,8.42,20.43,8823.785,5533.5,1501.5,Cleveland Cavaliers,30963450.0,20562.0,100.0
James Jones,CLE,48,2,7.9,0.8,0.3,0.1,0.2,2.8,48,28,20,-11.2,65.5,6.7,7.9,-2.18,0.23,356.07342944785296,0.0,0.0,Cleveland Cavaliers,2649557.0,20562.0,100.0
Kyrie Irving,CLE,72,72,35.1,3.2,5.8,1.2,0.3,25.2,72,47,25,5.1,58.0,13.5,35.1,2.05,8.28,3022.758,1541.0,695.0,Cleveland Cavaliers,17638063.0,20562.0,100.0
Jordan McRae,CLE,37,4,10.4,1.1,0.5,0.2,0.2,4.4,37,26,11,-7.5,48.8,5.9,10.4,-4.06,-0.23,356.07342944785296,0.0,0.0,Cleveland Cavaliers,2649557.0,20562.0,100.0
Tristan Thompson,CLE,78,78,29.9,9.2,1.0,0.5,1.1,8.1,78,50,28,2.9,59.4,8.9,29.9,0.0,4.62,955.613,368.0,211.0,Cleveland Cavaliers,15330435.0,20562.0,100.0
Kay Felder,CLE,42,0,9.2,1.0,1.4,0.4,0.2,4.0,42,25,17,-5.5,46.2,7.9,9.2,-4.24,-0.28,356.07342944785296,0.0,0.0,Cleveland Cavaliers,2649557.0,20562.0,100.0
Iman Shumpert,CLE,76,31,25.5,2.9,1.4,0.8,0.4,7.5,76,48,28,1.9,53.6,5.5,25.5,-1.14,2.43,739.053,0.0,0.0,Cleveland Cavaliers,9662922.0,20562.0,100.0
Richard Jefferson,CLE,79,13,20.4,2.6,1.0,0.3,0.1,5.7,79,50,29,3.4,57.4,5.3,20.4,-1.64,1.51,356.07342944785296,0.0,0.0,Cleveland Cavaliers,2649557.0,20562.0,100.0
Salah Mejri,DAL,73,11,12.4,4.2,0.2,0.4,0.8,2.9,73,29,44,0.2,65.0,9.9,12.4,0.95,2.23,356.07342944785296,0.0,0.0,Cleveland Cavaliers,2649557.0,20562.0,100.0
Seth Curry,DAL,70,42,29.0,2.6,2.7,1.1,0.1,12.8,70,30,40,-0.7,60.1,10.3,29.0,0.53,4.51,356.07342944785296,0.0,0.0,Cleveland Cavaliers,2649557.0,20562.0,100.0
Nicolas Brussino,DAL,54,2,9.6,1.8,0.9,0.3,0.1,2.8,54,18,36,-10.8,49.8,7.2,9.6,-4.24,-0.36,356.07342944785296,0.0,0.0,Cleveland Cavaliers,2649557.0,20562.0,100.0
Jarrod Uthoff,DAL,9,0,12.8,2.4,1.0,0.2,0.4,4.4,9,2,7,-26.8,48.7,8.1,12.8,-3.05,0.01,356.07342944785296,0.0,0.0,Cleveland Cavaliers,2649557.0,20562.0,100.0
J.J. Barea,DAL,35,6,22.0,2.4,5.5,0.4,0.0,10.9,35,11,24,1.8,52.1,13.4,22.0,-1.42,0.8,1.88,0.0,17.5,Dallas Mavericks,4096950.0,19789.0,103.1
Jonathan Gibson,DAL,17,0,13.6,1.3,1.5,0.5,0.0,6.2,17,4,13,-19.6,49.2,6.2,13.6,-4.11,-0.15,356.07342944785296,0.0,0.0,Dallas Mavericks,2649557.0,19789.0,103.1
Dirk Nowitzki,DAL,54,54,26.4,6.5,1.5,0.6,0.7,14.2,54,23,31,-1.7,52.9,12.4,26.4,0.26,3.02,1303.433,1564.0,500.5,Dallas Mavericks,25000000.0,19789.0,103.1
Dwight Powell,DAL,77,3,17.3,4.0,0.6,0.8,0.5,6.7,77,30,47,-6.4,58.8,10.7,17.3,-1.17,1.58,113.626,0.0,10.0,Dallas Mavericks,8375000.0,19789.0,103.1
Devin Harris,DAL,65,0,16.7,2.0,2.1,0.7,0.1,6.7,65,29,36,2.1,54.9,9.5,16.7,0.7,2.58,114.904,0.0,0.0,Dallas Mavericks,4227996.0,19789.0,103.1
Dorian Finney-Smith,DAL,81,35,20.3,2.7,0.8,0.6,0.3,4.3,81,33,48,-1.4,48.6,4.9,20.3,-2.22,0.9,356.07342944785296,0.0,0.0,Dallas Mavericks,2649557.0,19789.0,103.1
Harrison Barnes,DAL,79,79,35.5,5.0,1.5,0.8,0.2,19.2,79,32,47,-2.1,54.1,11.2,35.5,-0.33,4.78,356.07342944785296,0.0,0.0,Dallas Mavericks,2649557.0,19789.0,103.1
Ben Bentil,DAL,3,0,3.3,0.7,0.0,0.0,0.0,0.0,3,2,1,-44.0,0.0,-6.1,3.3,-1.3,0.01,356.07342944785296,0.0,0.0,Dallas Mavericks,2649557.0,19789.0,103.1
Pierre Jackson,DAL,8,1,10.5,1.1,2.4,0.3,0.0,4.4,8,4,4,31.7,41.6,10.4,10.5,-1.72,0.02,356.07342944785296,0.0,0.0,Dallas Mavericks,2649557.0,19789.0,103.1
Wesley Matthews,DAL,73,73,34.2,3.5,2.9,1.1,0.2,13.5,73,29,44,-3.5,53.3,8.1,34.2,0.2,5.06,124.941,0.0,0.0,Dallas Mavericks,17145838.0,19789.0,103.1
Alonzo Gee,DEN,13,0,6.8,1.2,0.5,0.4,0.1,0.8,13,4,9,1.4,30.6,0.8,6.8,-1.68,0.08,47.575,0.0,0.0,Denver Nuggets,57672.0,14770.0,77.1
Emmanuel Mudiay,DEN,55,41,25.6,3.2,3.9,0.7,0.2,11.0,55,25,30,-5.5,48.3,7.4,25.6,-3.9,-0.71,238.372,69.0,21.0,Denver Nuggets,3241800.0,14770.0,77.1
Darrell Arthur,DEN,41,7,15.6,2.7,1.0,0.5,0.5,6.4,41,20,21,-0.4,58.3,7.7,15.6,-0.71,0.99,42.364,0.0,0.0,Denver Nuggets,8070175.0,14770.0,77.1
Juan Hernangomez,DEN,62,9,13.6,3.0,0.5,0.5,0.2,4.9,62,30,32,-3.6,59.2,8.6,13.6,-1.54,0.88,356.07342944785296,0.0,0.0,Denver Nuggets,2649557.0,14770.0,77.1
Danilo Gallinari,DEN,63,63,33.9,5.2,2.1,0.6,0.2,18.2,63,31,32,2.7,62.2,11.4,33.9,2.88,8.39,155.862,29.0,6.0,Denver Nuggets,15050000.0,14770.0,77.1
Mike Miller,DEN,20,0,7.6,1.9,1.1,0.1,0.0,1.4,20,9,11,-3.3,58.6,8.4,7.6,-1.58,0.16,356.07342944785296,0.0,0.0,Denver Nuggets,2649557.0,14770.0,77.1
Nikola Jokic,DEN,73,59,27.9,9.8,4.9,0.8,0.8,16.7,73,37,36,5.1,64.0,16.7,27.9,6.73,13.18,3.95,0.0,1.0,Denver Nuggets,1358500.0,14770.0,77.1
Wilson Chandler,DEN,71,33,30.9,6.5,2.0,0.7,0.4,15.7,71,35,36,-1.7,54.5,9.8,30.9,-1.24,2.69,77.575,31.5,18.5,Denver Nuggets,11233146.0,14770.0,77.1
Gary Harris,DEN,57,56,31.3,3.1,2.9,1.2,0.1,14.9,57,29,28,1.0,61.1,9.1,31.3,0.51,4.29,80.128,6.0,2.5,Denver Nuggets,1655880.0,14770.0,77.1
Malik Beasley,DEN,22,1,7.5,0.8,0.5,0.3,0.0,3.8,22,12,10,15.0,53.6,8.6,7.5,-1.53,0.18,61.28,0.0,14.0,Denver Nuggets,1627320.0,14770.0,77.1
Jamal Murray,DEN,82,10,21.5,2.6,2.1,0.6,0.3,9.9,82,40,42,1.0,51.8,7.8,21.5,-1.51,1.86,247.566,0.0,62.5,Denver Nuggets,3210840.0,14770.0,77.1
Will Barton,DEN,60,19,28.4,4.3,3.4,0.8,0.5,13.7,60,31,29,-2.9,54.7,10.2,28.4,-1.15,2.2,120.616,1.0,3.0,Denver Nuggets,3533333.0,14770.0,77.1
Jameer Nelson,DEN,75,39,27.3,2.6,5.1,0.7,0.1,9.2,75,34,41,1.1,54.4,7.5,27.3,0.01,4.17,159.24,0.0,9.0,Denver Nuggets,4540525.0,14770.0,77.1
Kenneth Faried,DEN,61,34,21.2,7.6,0.9,0.7,0.7,9.6,61,29,32,-3.1,58.8,12.4,21.2,-1.62,1.27,162.539,14.0,8.0,Denver Nuggets,12078652.0,14770.0,77.1
Jon Leuer,DET,75,34,25.9,5.4,1.5,0.4,0.3,10.2,75,34,41,-2.3,55.1,10.0,25.9,-0.85,2.78,76.715,0.0,0.0,Detroit Pistons,10991957.0,15979.0,72.4
Stanley Johnson,DET,77,1,17.8,2.5,1.4,0.7,0.3,4.4,77,35,42,0.2,43.6,4.8,17.8,-2.38,0.63,6.921,0.0,19.0,Detroit Pistons,2969880.0,15979.0,72.4
Darrun Hilliard,DET,39,1,9.8,0.8,0.8,0.3,0.1,3.3,39,19,20,-0.1,45.9,3.9,9.8,-3.89,-0.18,356.07342944785296,0.0,0.0,Detroit Pistons,2649557.0,15979.0,72.4
Aron Baynes,DET,75,2,15.5,4.4,0.4,0.2,0.5,4.9,75,34,41,5.2,57.0,8.5,15.5,0.48,2.63,173.607,0.0,0.0,Detroit Pistons,6500000.0,15979.0,72.4
Ish Smith,DET,81,32,24.1,2.9,5.2,0.8,0.4,9.4,81,37,44,0.6,47.7,10.7,24.1,0.53,4.48,156.9,0.0,0.0,Detroit Pistons,6000000.0,15979.0,72.4
Beno Udrih,DET,39,0,14.4,1.5,3.4,0.3,0.0,5.8,39,18,21,5.4,53.5,13.0,14.4,-0.26,0.98,356.07342944785296,0.0,0.0,Detroit Pistons,2649557.0,15979.0,72.4
Reggie Bullock,DET,31,5,15.1,2.1,0.9,0.6,0.1,4.5,31,13,18,5.0,53.8,8.1,15.1,-0.41,0.79,60.195,20.0,13.0,Detroit Pistons,2255644.0,15979.0,72.4
Henry Ellenson,DET,19,2,7.7,2.2,0.4,0.1,0.1,3.2,19,8,11,-2.0,44.4,7.6,7.7,-1.94,0.1,89.107,6.5,5.0,Detroit Pistons,1704120.0,15979.0,72.4
Boban Marjanovic,DET,35,0,8.4,3.7,0.3,0.2,0.3,5.5,35,16,19,1.9,60.6,19.6,8.4,1.42,0.82,3.76,0.0,0.0,Detroit Pistons,7000000.0,15979.0,72.4
Reggie Jackson,DET,52,50,27.4,2.2,5.2,0.7,0.1,14.5,52,23,29,-8.8,51.0,9.2,27.4,-3.53,-0.36,356.07342944785296,0.0,0.0,Detroit Pistons,2649557.0,15979.0,72.4
Michael Gbinije,DET,9,0,3.6,0.3,0.2,0.0,0.0,0.4,9,7,2,-1.8,18.4,-2.7,3.6,-2.34,0.02,356.07342944785296,0.0,0.0,Detroit Pistons,2649557.0,15979.0,72.4
Andre Drummond,DET,81,81,29.7,13.8,1.1,1.5,1.1,13.6,81,36,45,-6.3,51.8,13.6,29.7,-0.25,4.33,356.07342944785296,0.0,0.0,Detroit Pistons,2649557.0,15979.0,72.4
Kentavious Caldwell-Pope,DET,76,75,33.3,3.3,2.5,1.2,0.2,13.8,76,33,43,-4.0,51.9,7.8,33.3,-0.6,4.02,104.187,9.0,10.0,Detroit Pistons,3678319.0,15979.0,72.4
Marcus Morris,DET,79,79,32.5,4.6,2.0,0.7,0.3,14.0,79,36,43,-2.8,50.8,8.0,32.5,0.52,5.85,2.575,6.0,23.0,Detroit Pistons,4625000.0,15979.0,72.4
Tobias Harris,DET,82,48,31.3,5.1,1.7,0.7,0.5,16.1,82,37,45,-1.3,56.8,11.3,31.3,0.94,6.55,207.311,2.0,4.0,Detroit Pistons,17200000.0,15979.0,72.4
Stephen Curry,GSW,79,79,33.4,4.5,6.6,1.8,0.2,25.3,79,65,14,17.2,62.4,15.1,33.4,7.41,18.8,10407.255,12278.0,2893.0,Golden State Warriors,12112359.0,19596.0,100.0
Kevin Durant,GSW,62,62,33.4,8.3,4.8,1.1,1.6,25.1,62,51,11,16.0,65.1,18.6,33.4,5.74,12.24,3865.014,1425.5,366.0,Golden State Warriors,26500000.0,19596.0,100.0
Patrick McCaw,GSW,71,20,15.1,1.4,1.1,0.5,0.2,4.0,71,57,14,-0.7,54.0,5.6,15.1,-4.66,-1.1,356.07342944785296,0.0,0.0,Golden State Warriors,2649557.0,19596.0,100.0
Andre Iguodala,GSW,76,0,26.3,4.0,3.4,1.0,0.5,7.6,76,64,12,13.4,62.4,10.2,26.3,3.53,8.72,1180.151,300.5,43.0,Golden State Warriors,11131368.0,19596.0,100.0
David West,GSW,68,0,12.6,3.0,2.2,0.6,0.7,4.6,68,56,12,9.1,57.1,12.3,12.6,2.07,2.81,356.07342944785296,0.0,0.0,Golden State Warriors,2649557.0,19596.0,100.0
Shaun Livingston,GSW,76,3,17.7,2.0,1.8,0.5,0.3,5.1,76,63,13,7.6,56.8,7.3,17.7,-2.74,0.33,1007.061,0.0,0.0,Golden State Warriors,5782450.0,19596.0,100.0
Zaza Pachulia,GSW,70,70,18.1,5.9,1.9,0.8,0.5,6.1,70,58,12,15.8,58.8,10.0,18.1,2.92,5.12,356.07342944785296,0.0,0.0,Golden State Warriors,2649557.0,19596.0,100.0
JaVale McGee,GSW,77,10,9.6,3.2,0.2,0.2,0.9,6.1,77,62,15,18.7,64.2,12.5,9.6,0.94,2.04,505.163,0.0,32.0,Golden State Warriors,1403611.0,19596.0,100.0
Ian Clark,GSW,77,0,14.8,1.6,1.2,0.5,0.1,6.8,77,63,14,3.1,57.5,9.2,14.8,-2.9,0.17,356.07342944785296,0.0,0.0,Golden State Warriors,2649557.0,19596.0,100.0
Anderson Varejao,GSW,14,1,6.6,1.9,0.7,0.2,0.2,1.3,14,12,2,-8.4,47.8,4.8,6.6,-1.09,0.1,356.07342944785296,0.0,0.0,Golden State Warriors,2649557.0,19596.0,100.0
Klay Thompson,GSW,78,78,34.0,3.7,2.1,0.8,0.5,22.3,78,66,12,14.7,59.2,10.9,34.0,2.33,9.53,2619.119,797.0,225.0,Golden State Warriors,16663575.0,19596.0,100.0
Damian Jones,GSW,10,0,8.5,2.3,0.0,0.1,0.4,1.9,10,7,3,-14.9,46.6,1.6,8.5,-1.78,0.07,356.07342944785296,0.0,0.0,Golden State Warriors,2649557.0,19596.0,100.0
James Michael McAdoo,GSW,52,2,8.8,1.8,0.3,0.3,0.6,2.8,52,43,9,-0.7,54.3,7.7,8.8,-2.08,0.31,356.07342944785296,0.0,0.0,Golden State Warriors,2649557.0,19596.0,100.0
Kevon Looney,GSW,53,4,8.4,2.3,0.5,0.3,0.3,2.5,53,44,9,0.2,55.3,8.5,8.4,-0.98,0.63,356.07342944785296,0.0,0.0,Golden State Warriors,2649557.0,19596.0,100.0
Draymond Green,GSW,76,76,32.5,7.9,7.0,2.0,1.4,10.2,76,62,14,15.9,52.2,11.7,32.5,7.14,16.84,1866.704,627.0,168.5,Golden State Warriors,15330435.0,19596.0,100.0
Chinanu Onuaku,HOU,5,1,10.4,2.0,0.6,0.6,0.2,2.8,5,2,3,-41.4,79.9,7.2,10.4,-2.1,0.04,356.07342944785296,0.0,0.0,Golden State Warriors,2649557.0,19596.0,100.0
Clint Capela,HOU,65,59,23.9,8.1,1.0,0.5,1.2,12.6,65,44,21,7.8,63.8,13.0,23.9,-0.35,2.82,356.07342944785296,0.0,0.0,Golden State Warriors,2649557.0,19596.0,100.0
Kyle Wiltjer,HOU,14,0,3.1,0.7,0.1,0.2,0.1,0.9,14,12,2,-35.9,43.7,3.3,3.1,-1.97,0.04,356.07342944785296,0.0,0.0,Golden State Warriors,2649557.0,19596.0,100.0
James Harden,HOU,81,81,36.4,8.1,11.2,1.5,0.5,29.1,81,54,27,6.3,61.3,19.0,36.4,4.81,15.54,1337.869,969.0,321.5,Houston Rockets,26500000.0,16973.0,94.1
Montrezl Harrell,HOU,58,14,18.3,3.8,1.1,0.3,0.7,9.1,58,39,19,3.5,66.2,10.8,18.3,-0.99,1.5,356.07342944785296,0.0,0.0,Houston Rockets,2649557.0,16973.0,94.1
Isaiah Taylor,HOU,4,0,13.0,0.8,0.8,0.3,0.3,0.8,4,3,1,-14.6,19.0,-1.3,13.0,-3.09,0.0,356.07342944785296,0.0,0.0,Houston Rockets,2649557.0,16973.0,94.1
Eric Gordon,HOU,75,15,31.0,2.7,2.5,0.6,0.5,16.2,75,50,25,6.2,55.7,8.2,31.0,1.03,6.36,206.977,55.0,26.0,Houston Rockets,12385364.0,16973.0,94.1
Bobby Brown,HOU,25,0,4.9,0.2,0.6,0.0,0.0,2.5,25,18,7,-12.1,50.9,6.9,4.9,-2.87,0.02,356.07342944785296,0.0,0.0,Houston Rockets,2649557.0,16973.0,94.1
Ryan Anderson,HOU,72,72,29.4,4.6,0.9,0.4,0.2,13.6,72,50,22,7.9,58.3,7.9,29.4,1.51,6.46,6.457,0.0,0.0,Houston Rockets,18735364.0,16973.0,94.1
Trevor Ariza,HOU,80,80,34.7,5.7,2.2,1.8,0.3,11.7,80,53,27,5.7,54.8,8.5,34.7,1.93,9.29,206.381,10.0,15.0,Houston Rockets,7806971.0,16973.0,94.1
Sam Dekker,HOU,77,2,18.4,3.7,1.0,0.5,0.3,6.5,77,52,25,2.8,54.9,8.7,18.4,-1.37,1.64,179.946,139.0,13.0,Houston Rockets,1720560.0,16973.0,94.1
Patrick Beverley,HOU,67,67,30.7,5.9,4.2,1.5,0.4,9.5,67,46,21,7.3,54.6,8.5,30.7,2.48,7.56,356.07342944785296,0.0,0.0,Houston Rockets,2649557.0,16973.0,94.1
Georges Niang,IND,23,0,4.0,0.7,0.2,0.1,0.0,0.9,23,11,12,-5.3,28.5,2.0,4.0,-2.62,0.03,356.07342944785296,0.0,0.0,Houston Rockets,2649557.0,16973.0,94.1
Monta Ellis,IND,74,33,27.0,2.8,3.2,1.1,0.4,8.5,74,39,35,-0.5,51.4,6.9,27.0,-2.96,0.21,336.578,0.0,0.0,Indiana Pacers,10763500.0,16697.0,91.9
Aaron Brooks,IND,65,0,13.8,1.1,1.9,0.4,0.1,5.0,65,36,29,-3.0,50.7,6.2,13.8,-3.28,-0.09,4.083,1.0,3.0,Indiana Pacers,2700000.0,16697.0,91.9
Jeff Teague,IND,82,82,32.4,4.0,7.8,1.2,0.4,15.3,82,42,40,1.2,57.4,13.1,32.4,1.64,8.08,6.856,17.5,13.5,Indiana Pacers,8800000.0,16697.0,91.9
Thaddeus Young,IND,74,74,30.2,6.1,1.6,1.5,0.4,11.0,74,40,34,2.5,56.2,9.7,30.2,0.85,5.66,148.319,0.0,1.5,Indiana Pacers,14153652.0,16697.0,91.9
Rodney Stuckey,IND,39,0,17.8,2.2,2.2,0.4,0.0,7.2,39,17,22,-0.9,48.3,7.5,17.8,-2.57,0.23,63.191,0.0,0.0,Indiana Pacers,7000000.0,16697.0,91.9
Kevin Seraphin,IND,49,3,11.4,2.9,0.5,0.1,0.4,4.7,49,23,26,-9.9,55.9,9.5,11.4,-4.01,-0.31,6.717,4.5,8.0,Indiana Pacers,1800000.0,16697.0,91.9
Paul George,IND,75,75,35.9,6.6,3.3,1.6,0.4,23.7,75,39,36,2.9,58.7,13.6,35.9,2.58,9.72,769.595,228.5,128.0,Indiana Pacers,18314532.0,16697.0,91.9
Al Jefferson,IND,66,1,14.1,4.2,0.9,0.3,0.2,8.1,66,33,33,-5.8,52.6,13.3,14.1,-1.45,0.98,220.767,0.0,0.0,Indiana Pacers,10314532.0,16697.0,91.9
Myles Turner,IND,81,81,31.4,7.3,1.3,0.9,2.1,14.5,81,42,39,3.2,58.5,11.2,31.4,2.66,9.31,4.574,53.0,31.0,Indiana Pacers,2463840.0,16697.0,91.9
Rakeem Christmas,IND,29,0,7.6,1.9,0.1,0.1,0.2,2.0,29,14,15,-10.6,52.9,4.9,7.6,-1.7,0.2,77.258,13.0,3.0,Indiana Pacers,1471382.0,16697.0,91.9
Joe Young,IND,33,0,4.1,0.5,0.5,0.1,0.0,2.1,33,18,15,-26.1,43.3,8.7,4.1,-4.06,-0.08,356.07342944785296,0.0,0.0,Indiana Pacers,2649557.0,16697.0,91.9
Lavoy Allen,IND,61,5,14.3,3.6,0.9,0.3,0.4,2.9,61,31,30,-6.3,48.5,6.9,14.3,-3.47,-0.19,356.07342944785296,0.0,0.0,Indiana Pacers,2649557.0,16697.0,91.9
Paul Pierce,LAC,25,7,11.1,1.9,0.4,0.2,0.2,3.2,25,16,9,2.4,53.5,4.4,11.1,-0.8,0.4,834.305,346.5,142.0,LA Clippers,3527920.0,19088.0,100.1
Raymond Felton,LAC,80,11,21.3,2.7,2.4,0.8,0.3,6.7,80,50,30,-4.1,49.6,7.8,21.3,-2.28,0.92,356.07342944785296,0.0,0.0,LA Clippers,2649557.0,19088.0,100.1
Luc Mbah a Moute,LAC,80,76,22.3,2.1,0.5,1.0,0.4,6.1,80,49,31,10.3,58.1,5.6,22.3,0.76,4.43,138.329,0.0,0.0,LA Clippers,2203000.0,19088.0,100.1
Chris Paul,LAC,61,61,31.5,5.0,9.2,2.0,0.1,18.1,61,43,18,14.9,61.4,18.2,31.5,7.92,13.48,1162.601,829.0,178.5,LA Clippers,22868827.0,19088.0,100.1
Blake Griffin,LAC,61,61,34.0,8.1,4.9,0.9,0.4,21.6,61,40,21,10.6,56.9,15.2,34.0,3.78,9.2,988.555,269.0,98.5,LA Clippers,20140839.0,19088.0,100.1
Wesley Johnson,LAC,68,3,11.9,2.7,0.3,0.4,0.4,2.7,68,40,28,-2.9,44.8,6.7,11.9,-1.17,1.01,1.839,0.0,0.0,LA Clippers,5628000.0,19088.0,100.1
Diamond Stone,LAC,7,0,3.4,0.9,0.0,0.0,0.1,1.4,7,6,1,-58.7,33.9,-1.4,3.4,-2.28,0.01,114.477,0.0,0.0,Atlanta Hawks,1312611.0,15958.0,85.2
Brandon Bass,LAC,52,0,11.1,2.5,0.4,0.3,0.2,5.6,52,29,23,-13.0,65.0,12.2,11.1,-2.65,0.17,356.07342944785296,0.0,0.0,Atlanta Hawks,2649557.0,15958.0,85.2
DeAndre Jordan,LAC,81,81,31.7,13.8,1.2,0.6,1.7,12.7,81,51,30,9.7,67.3,15.0,31.7,4.55,12.59,356.07342944785296,0.0,0.0,Atlanta Hawks,2649557.0,15958.0,85.2
Alan Anderson,LAC,30,0,10.3,0.8,0.4,0.1,0.0,2.9,30,20,10,-10.8,49.4,2.3,10.3,-3.66,-0.1,356.07342944785296,0.0,0.0,Atlanta Hawks,2649557.0,15958.0,85.2
Marreese Speights,LAC,82,2,15.7,4.5,0.8,0.3,0.5,8.7,82,51,31,-2.4,58.4,11.4,15.7,1.36,3.66,400.721,80.0,12.0,LA Clippers,1403611.0,19088.0,100.1
Brice Johnson,LAC,3,0,3.0,1.0,0.3,0.7,0.3,1.3,3,1,2,44.9,28.6,10.8,3.0,-1.24,0.01,117.412,0.0,0.0,LA Clippers,1331160.0,19088.0,100.1
Jamal Crawford,LAC,82,1,26.3,1.6,2.6,0.7,0.2,12.3,82,51,31,-1.7,52.5,7.9,26.3,-3.24,-0.16,569.984,49.0,32.0,LA Clippers,13253012.0,19088.0,100.1
Austin Rivers,LAC,74,29,27.8,2.2,2.8,0.6,0.1,12.0,74,43,31,-0.1,54.5,6.9,27.8,-1.9,1.62,303.841,75.5,23.0,LA Clippers,11000000.0,19088.0,100.1
Thomas Robinson,LAL,48,1,11.7,4.6,0.6,0.5,0.2,5.0,48,15,33,-7.5,53.5,11.4,11.7,-2.34,0.28,356.07342944785296,0.0,0.0,LA Clippers,2649557.0,19088.0,100.1
Metta World Peace,LAL,25,2,6.4,0.8,0.4,0.4,0.1,2.3,25,8,17,-17.7,38.0,2.9,6.4,-2.08,0.11,356.07342944785296,0.0,0.0,LA Clippers,2649557.0,19088.0,100.1
Luol Deng,LAL,56,49,26.5,5.3,1.3,0.9,0.4,7.6,56,18,38,-6.4,47.0,7.7,26.5,-0.33,2.69,462.975,22.0,13.5,Los Angeles Lakers,18000000.0,18949.0,99.4
Marcelo Huertas,LAL,23,1,10.3,1.0,2.3,0.4,0.1,2.7,23,5,18,-12.3,41.7,6.6,10.3,-3.42,-0.05,356.07342944785296,0.0,0.0,Los Angeles Lakers,2649557.0,18949.0,99.4
D'Angelo Russell,LAL,63,60,28.7,3.5,4.8,1.4,0.3,15.6,63,21,42,-8.7,51.8,9.9,28.7,-1.7,1.69,769.891,0.0,232.0,Los Angeles Lakers,5332800.0,18949.0,99.4
Jordan Clarkson,LAL,82,19,29.2,3.0,2.6,1.1,0.1,14.7,82,26,56,-8.9,52.6,8.4,29.2,-4.02,-1.4,748.841,55.5,179.5,Los Angeles Lakers,12500000.0,18949.0,99.4
David Nwaba,LAL,20,2,19.9,3.2,0.7,0.7,0.4,6.0,20,5,15,2.2,61.1,7.6,19.9,-1.3,0.47,356.07342944785296,0.0,0.0,Los Angeles Lakers,2649557.0,18949.0,99.4
Larry Nance Jr.,LAL,63,7,22.9,5.9,1.5,1.3,0.6,7.1,63,21,42,-5.0,56.7,10.1,22.9,0.9,3.79,356.07342944785296,0.0,0.0,Los Angeles Lakers,2649557.0,18949.0,99.4
Timofey Mozgov,LAL,54,52,20.4,4.9,0.8,0.3,0.6,7.4,54,16,38,-9.2,55.3,7.2,20.4,-3.09,0.03,464.045,0.0,0.0,Los Angeles Lakers,16000000.0,18949.0,99.4
Tarik Black,LAL,67,16,16.3,5.1,0.6,0.4,0.7,5.7,67,24,43,-1.9,56.0,8.5,16.3,-0.54,1.81,91.096,0.0,0.0,Los Angeles Lakers,6191000.0,18949.0,99.4
Nick Young,LAL,60,60,25.9,2.3,1.0,0.6,0.2,13.2,60,19,41,-6.9,58.8,7.5,25.9,0.65,3.82,15.721,45.5,14.0,Los Angeles Lakers,5443918.0,18949.0,99.4
Brandon Ingram,LAL,79,40,28.8,4.0,2.1,0.6,0.5,9.4,79,26,53,-8.0,47.4,5.5,28.8,-4.69,-2.32,773.717,194.0,100.0,Los Angeles Lakers,5281680.0,18949.0,99.4
Julius Randle,LAL,74,73,28.8,8.6,3.6,0.7,0.5,13.2,74,24,50,-10.2,54.3,11.3,28.8,-1.82,1.83,265.862,102.0,59.0,Los Angeles Lakers,3267120.0,18949.0,99.4
Ivica Zubac,LAL,38,11,16.0,4.2,0.8,0.4,0.9,7.5,38,8,30,-9.3,54.7,10.0,16.0,-3.3,-0.07,356.07342944785296,0.0,0.0,Los Angeles Lakers,2649557.0,18949.0,99.4
Mike Conley,MEM,69,68,33.2,3.5,6.3,1.3,0.3,20.5,69,35,34,3.1,60.4,16.0,33.2,4.47,10.5,5.111,257.5,90.0,Memphis Grizzlies,26540100.0,16519.0,91.2
Vince Carter,MEM,73,15,24.6,3.1,1.8,0.8,0.5,8.0,73,36,37,3.6,54.2,7.8,24.7,1.3,4.81,1420.828,0.0,7.0,Memphis Grizzlies,4264057.0,16519.0,91.2
Tony Allen,MEM,71,66,27.0,5.5,1.4,1.6,0.4,9.1,71,36,35,1.2,49.3,8.0,27.0,0.12,3.76,7.154,10.5,11.0,Memphis Grizzlies,5505618.0,16519.0,91.2
Troy Daniels,MEM,67,3,17.7,1.5,0.7,0.3,0.1,8.2,67,33,34,0.3,53.1,6.5,17.7,-2.12,0.72,63.399,30.0,10.0,Memphis Grizzlies,3332940.0,16519.0,91.2
Andrew Harrison,MEM,72,18,20.5,1.9,2.8,0.7,0.3,5.9,72,38,34,-0.3,47.7,5.3,20.5,-1.58,1.38,2.177,0.0,17.0,Memphis Grizzlies,1312611.0,16519.0,91.2
Chandler Parsons,MEM,34,34,19.9,2.5,1.6,0.6,0.1,6.2,34,18,16,-3.6,43.6,5.6,19.9,-3.84,-0.29,305.209,59.0,16.0,Memphis Grizzlies,22116750.0,16519.0,91.2
Deyonta Davis,MEM,36,0,6.6,1.7,0.1,0.1,0.5,1.6,36,23,13,-7.2,52.8,6.0,6.6,-3.12,0.0,94.319,0.0,0.0,Memphis Grizzlies,1312611.0,16519.0,91.2
Deyonta Davis,MEM,36,0,6.6,1.7,0.1,0.1,0.5,1.6,36,23,13,-7.2,52.8,6.0,6.6,-3.12,0.0,94.319,0.0,0.0,Memphis Grizzlies,1369299.0,16519.0,91.2
Brandan Wright,MEM,28,5,16.0,2.8,0.5,0.4,0.7,6.8,28,14,14,3.9,62.8,11.6,16.0,-0.46,0.71,60.792,0.0,6.0,Memphis Grizzlies,5709880.0,16519.0,91.2
JaMychal Green,MEM,77,75,27.3,7.1,1.1,0.6,0.4,8.9,77,40,37,0.4,60.1,9.3,27.3,-0.02,3.94,356.07342944785296,0.0,0.0,Memphis Grizzlies,2649557.0,16519.0,91.2
Zach Randolph,MEM,73,5,24.5,8.2,1.7,0.5,0.1,14.1,73,38,35,-1.1,49.0,15.2,24.5,-1.42,1.83,262.91,47.0,18.5,Memphis Grizzlies,10361445.0,16519.0,91.2
Marc Gasol,MEM,74,74,34.2,6.3,4.6,0.9,1.3,19.5,74,40,34,1.4,55.4,15.1,34.2,2.58,8.69,378.529,0.0,75.5,Memphis Grizzlies,21165675.0,16519.0,91.2
Jarell Martin,MEM,42,3,13.3,3.9,0.2,0.4,0.2,3.9,42,23,19,-4.1,47.7,6.9,13.3,-3.06,0.02,33.578,2.0,4.0,Memphis Grizzlies,1471382.0,16519.0,91.2
Luke Babbitt,MIA,68,55,15.7,2.1,0.5,0.3,0.2,4.8,68,35,33,1.8,56.3,5.4,15.7,0.6,2.5,356.07342944785296,0.0,0.0,Memphis Grizzlies,2649557.0,16519.0,91.2
Dion Waiters,MIA,46,43,30.1,3.3,4.3,0.9,0.4,15.8,46,27,19,2.8,50.7,10.0,30.1,0.05,2.8,353.063,0.0,7.0,Miami Heat,2898000.0,19643.0,100.2
Goran Dragic,MIA,73,73,33.7,3.8,5.8,1.2,0.2,20.3,73,40,33,0.6,57.5,13.0,33.7,0.92,6.3,8.239,62.5,45.0,Miami Heat,15891725.0,19643.0,100.2
Okaro White,MIA,35,0,13.5,2.3,0.6,0.3,0.3,2.8,35,26,9,8.6,50.7,5.0,13.5,-2.16,0.28,356.07342944785296,0.0,0.0,Miami Heat,2649557.0,19643.0,100.2
Willie Reed,MIA,71,5,14.5,4.7,0.4,0.3,0.7,5.3,71,39,32,2.6,57.8,10.8,14.5,-1.17,1.28,356.07342944785296,0.0,0.0,Miami Heat,2649557.0,19643.0,100.2
Justise Winslow,MIA,18,15,34.7,5.2,3.7,1.4,0.3,10.9,18,4,14,-0.4,39.9,5.9,34.7,-3.92,-0.31,281.526,88.5,33.5,Miami Heat,2593440.0,19643.0,100.2
James Johnson,MIA,76,5,27.4,4.9,3.6,1.0,1.1,12.8,76,40,36,2.6,56.4,12.0,27.4,2.36,7.31,356.07342944785296,0.0,0.0,Miami Heat,2649557.0,19643.0,100.2
Josh Richardson,MIA,53,34,30.5,3.2,2.6,1.1,0.7,10.2,53,23,30,1.2,49.3,6.9,30.5,-1.57,1.57,138.306,42.0,10.0,Miami Heat,1471382.0,19643.0,100.2
Tyler Johnson,MIA,73,0,29.8,4.0,3.2,1.2,0.6,13.7,73,35,38,0.5,53.5,10.8,29.8,0.31,4.72,5.566,3.0,6.0,Miami Heat,5628000.0,19643.0,100.2
Josh McRoberts,MIA,22,14,17.3,3.4,2.3,0.5,0.2,4.9,22,6,16,-9.3,43.9,7.1,17.3,-2.88,0.06,95.887,0.0,0.0,Miami Heat,5782450.0,19643.0,100.2
Hassan Whiteside,MIA,77,77,32.6,14.1,0.7,0.7,2.1,17.0,77,39,38,1.3,57.9,16.3,32.6,2.03,8.15,356.07342944785296,0.0,0.0,Miami Heat,2649557.0,19643.0,100.2
Rodney McGruder,MIA,78,65,25.2,3.3,1.6,0.6,0.2,6.4,78,40,38,-0.2,50.6,5.6,25.2,-1.48,2.04,356.07342944785296,0.0,0.0,Miami Heat,2649557.0,19643.0,100.2
Udonis Haslem,MIA,16,0,8.1,2.3,0.4,0.4,0.1,1.9,16,6,10,-23.8,52.4,7.3,8.1,-2.06,0.09,210.091,28.5,18.0,Miami Heat,4000000.0,19643.0,100.2
Wayne Ellington,MIA,62,13,24.2,2.1,1.1,0.6,0.1,10.5,62,35,27,2.7,56.5,8.2,24.2,0.66,3.58,96.963,18.0,12.0,Miami Heat,6000000.0,19643.0,100.2
John Henson,MIL,58,39,19.4,5.1,1.0,0.5,1.3,6.8,58,26,32,-1.8,55.0,9.2,19.4,-1.63,1.05,356.07342944785296,0.0,0.0,Miami Heat,2649557.0,19643.0,100.2
Jabari Parker,MIL,51,50,33.9,6.2,2.8,1.0,0.4,20.1,51,22,29,-2.5,56.3,12.1,33.9,-0.78,2.59,353.413,267.0,125.0,Milwaukee Bucks,5374320.0,15828.0,84.6
Greg Monroe,MIL,81,0,22.5,6.6,2.3,1.1,0.5,11.7,81,42,39,3.7,57.2,13.9,22.5,1.55,5.34,115.932,9.0,7.0,Milwaukee Bucks,17145838.0,15828.0,84.6
Matthew Dellavedova,MIL,76,54,26.1,1.9,4.7,0.7,0.0,7.6,76,39,37,-1.1,50.1,6.6,26.1,-1.89,1.54,639.403,175.0,30.0,Milwaukee Bucks,9607500.0,15828.0,84.6
Jason Terry,MIL,74,0,18.4,1.4,1.3,0.6,0.3,4.1,74,37,37,4.7,60.0,5.8,18.4,0.2,2.81,356.07342944785296,0.0,0.0,Milwaukee Bucks,2649557.0,15828.0,84.6
Khris Middleton,MIL,29,23,30.7,4.2,3.4,1.4,0.2,14.7,29,19,10,5.7,57.0,10.4,30.7,1.4,2.44,121.22,16.0,9.0,Milwaukee Bucks,15200000.0,15828.0,84.6
Thon Maker,MIL,57,34,9.9,2.0,0.4,0.2,0.5,4.0,57,31,26,1.3,55.8,7.2,9.9,-1.06,0.7,653.591,0.0,39.5,Milwaukee Bucks,2568600.0,15828.0,84.6
Giannis Antetokounmpo,MIL,80,80,35.6,8.8,5.4,1.6,1.9,22.9,80,42,38,1.5,59.9,17.6,35.6,4.21,13.0,841.598,0.0,0.0,Milwaukee Bucks,2995421.0,15828.0,84.6
Tony Snell,MIL,80,80,29.2,3.1,1.2,0.7,0.2,8.5,80,42,38,-1.2,60.3,6.5,29.2,-0.87,3.29,2.587,0.0,0.0,Milwaukee Bucks,2368327.0,15828.0,84.6
Michael Beasley,MIL,56,6,16.7,3.4,0.9,0.5,0.5,9.4,56,23,33,-1.6,58.4,11.6,16.7,-2.31,0.48,539.285,8.0,5.0,Milwaukee Bucks,1403611.0,15828.0,84.6
Rashad Vaughn,MIL,41,2,11.2,1.2,0.6,0.5,0.2,3.5,41,18,23,-7.6,44.9,5.2,11.2,-4.33,-0.35,52.528,2.0,7.0,Milwaukee Bucks,1811040.0,15828.0,84.6
Mirza Teletovic,MIL,70,2,16.2,2.3,0.7,0.2,0.2,6.4,70,36,34,3.4,51.5,6.1,16.2,-1.49,1.16,1.488,0.0,0.0,Milwaukee Bucks,10500000.0,15828.0,84.6
Malcolm Brogdon,MIL,75,28,26.4,2.8,4.2,1.1,0.2,10.2,75,38,37,2.7,55.5,9.8,26.4,1.44,5.66,356.07342944785296,0.0,0.0,Milwaukee Bucks,2649557.0,15828.0,84.6
Andrew Wiggins,MIN,82,82,37.2,4.0,2.3,1.0,0.4,23.6,82,31,51,-0.5,53.4,9.5,37.2,-1.6,2.94,786.978,182.0,54.5,Minnesota Timberwolves,6006600.0,14809.0,76.5
Nemanja Bjelica,MIN,65,1,18.3,3.8,1.2,0.6,0.3,6.2,65,28,37,1.3,52.6,7.8,18.3,1.23,3.24,89.783,0.0,0.0,Minnesota Timberwolves,3800000.0,14809.0,76.5
Karl-Anthony Towns,MIN,82,82,37.0,12.3,2.7,0.7,1.3,25.1,82,31,51,-0.9,61.8,17.1,37.0,2.13,10.0,920.783,0.0,105.0,Minnesota Timberwolves,5960160.0,14809.0,76.5
John Lucas III,MIN,5,0,2.2,0.0,0.2,0.4,0.0,0.4,5,3,2,46.9,25.0,7.3,2.2,-1.91,0.01,57.974,0.0,0.0,Minnesota Timberwolves,980431.0,14809.0,76.5
Brandon Rush,MIN,47,33,21.9,2.1,1.0,0.5,0.5,4.2,47,15,32,-0.8,50.5,4.3,21.9,-3.86,-0.48,242.794,14.0,1.5,Minnesota Timberwolves,3500000.0,14809.0,76.5
Gorgui Dieng,MIN,82,82,32.4,7.9,1.9,1.1,1.2,10.0,82,31,51,0.2,55.5,9.2,32.4,2.72,9.73,108.208,0.0,0.0,Minnesota Timberwolves,2348783.0,14809.0,76.5
Ricky Rubio,MIN,75,75,32.9,4.1,9.1,1.7,0.1,11.1,75,28,47,-1.0,53.9,11.4,32.9,2.49,8.72,332.978,262.5,76.0,Minnesota Timberwolves,13550000.0,14809.0,76.5
Shabazz Muhammad,MIN,78,1,19.4,2.8,0.4,0.3,0.1,9.9,78,29,49,-1.5,56.6,9.4,19.4,-3.75,-0.6,155.947,0.0,0.0,Minnesota Timberwolves,3046299.0,14809.0,76.5
Cole Aldrich,MIN,62,0,8.6,2.5,0.4,0.4,0.4,1.7,62,23,39,-0.2,54.9,7.6,8.6,0.01,1.04,119.275,22.0,9.0,Minnesota Timberwolves,7643979.0,14809.0,76.5
Jordan Hill,MIN,7,0,6.7,2.0,0.0,0.1,0.0,1.7,7,2,5,13.9,43.2,1.5,6.7,-1.15,0.06,4.069,0.0,0.0,Minnesota Timberwolves,4000000.0,14809.0,76.5
Kris Dunn,MIN,78,7,17.1,2.1,2.4,1.0,0.5,3.8,78,30,48,-2.8,43.2,5.1,17.1,-3.05,0.06,412.255,165.0,47.0,Minnesota Timberwolves,3872520.0,14809.0,76.5
Zach LaVine,MIN,47,47,37.2,3.4,3.0,0.9,0.2,18.9,47,16,31,-3.6,57.6,9.5,37.2,-2.97,0.17,848.226,178.5,67.0,Minnesota Timberwolves,2240880.0,14809.0,76.5
Tyus Jones,MIN,60,0,12.9,1.1,2.6,0.8,0.1,3.5,60,23,37,2.5,52.3,9.6,12.9,-0.23,1.4,240.93,0.0,14.0,Minnesota Timberwolves,1471382.0,14809.0,76.5
Adreian Payne,MIN,18,0,7.5,1.8,0.4,0.4,0.4,3.5,18,5,13,0.8,50.5,8.2,7.5,-0.33,0.24,75.343,0.0,13.0,Minnesota Timberwolves,2022240.0,14809.0,76.5
Alexis Ajinca,NOP,39,15,15.0,4.5,0.3,0.5,0.6,5.3,39,15,24,-4.7,52.9,8.8,15.0,-1.53,0.6,1.799,0.0,0.0,New Orleans Pelicans,4638203.0,16173.0,94.1
E'Twaun Moore,NOP,73,22,24.9,2.1,2.2,0.7,0.4,9.6,73,32,41,-2.4,53.7,7.3,24.9,-1.82,1.5,87.851,0.0,10.0,New Orleans Pelicans,8081363.0,16173.0,94.1
Jarrett Jack,NOP,2,0,16.5,0.0,2.5,1.0,0.0,3.0,2,1,1,-14.3,77.3,5.1,16.5,-1.84,0.03,122.645,11.5,7.0,New Orleans Pelicans,57672.0,16173.0,94.1
Omer Asik,NOP,31,19,15.5,5.3,0.5,0.2,0.3,2.7,31,12,19,-4.9,51.7,7.3,15.5,-1.03,0.65,3.233,0.0,0.0,New Orleans Pelicans,9904494.0,16173.0,94.1
Solomon Hill,NOP,80,71,29.7,3.8,1.8,0.9,0.4,7.0,80,34,46,0.9,52.7,5.3,29.7,0.43,5.4,356.07342944785296,0.0,0.0,New Orleans Pelicans,2649557.0,16173.0,94.1
Donatas Motiejunas,NOP,34,0,14.1,3.0,0.9,0.5,0.3,4.4,34,16,18,-11.1,47.0,5.3,14.1,-3.25,-0.04,356.07342944785296,0.0,0.0,New Orleans Pelicans,2649557.0,16173.0,94.1
Dante Cunningham,NOP,66,35,25.0,4.2,0.6,0.6,0.4,6.6,66,28,38,-0.3,58.6,6.8,25.0,-0.93,2.29,48.805,0.0,3.0,New Orleans Pelicans,2978250.0,16173.0,94.1
Jrue Holiday,NOP,67,61,32.7,3.9,7.3,1.5,0.7,15.4,67,32,35,0.9,53.2,12.1,32.7,1.82,6.89,317.07,0.0,39.0,New Orleans Pelicans,11286518.0,16173.0,94.1
Anthony Davis,NOP,75,75,36.1,11.8,2.1,1.3,2.2,28.0,75,31,44,1.7,58.0,19.2,36.1,4.35,12.81,37.302,368.0,104.0,New Orleans Pelicans,22116750.0,16173.0,94.1
Cheick Diallo,NOP,17,0,11.7,4.3,0.2,0.2,0.4,5.1,17,9,8,-9.4,51.0,11.3,11.7,-3.39,-0.03,356.07342944785296,0.0,0.0,New Orleans Pelicans,2649557.0,16173.0,94.1
Tim Frazier,NOP,65,35,23.5,2.7,5.2,0.9,0.1,7.1,65,26,39,-3.0,50.4,8.4,23.5,-2.4,0.7,101.707,0.0,0.0,New Orleans Pelicans,2090000.0,16173.0,94.1
Jordan Crawford,NOP,19,0,23.3,1.8,3.0,0.6,0.1,14.1,19,9,10,0.2,58.2,10.2,23.3,-1.66,0.38,356.07342944785296,0.0,0.0,New Orleans Pelicans,2649557.0,16173.0,94.1
Lance Thomas,NYK,46,15,21.0,3.1,0.8,0.5,0.1,6.0,46,15,31,-9.7,51.6,5.5,21.0,-4.6,-0.91,101.028,0.0,0.0,New York Knicks,6191000.0,19774.0,99.8
Justin Holiday,NYK,82,4,20.0,2.7,1.2,0.8,0.4,7.7,82,31,51,-1.7,54.9,9.2,20.0,-0.33,2.87,356.07342944785296,0.0,0.0,New York Knicks,2649557.0,19774.0,99.8
Joakim Noah,NYK,46,46,22.1,8.8,2.2,0.7,0.8,5.0,46,17,29,-6.0,49.1,9.4,22.1,-1.06,1.32,730.687,0.0,87.0,New York Knicks,17000000.0,19774.0,99.8
Courtney Lee,NYK,77,74,31.9,3.4,2.3,1.1,0.3,10.8,77,29,48,-4.9,55.9,7.7,31.9,-0.93,3.4,246.902,2.0,1.0,New York Knicks,11242000.0,19774.0,99.8
Marshall Plumlee,NYK,21,1,8.1,2.4,0.5,0.2,0.2,1.9,21,6,15,-1.9,52.1,6.0,8.1,-1.1,0.22,281.364,0.0,0.0,New York Knicks,1312611.0,19774.0,99.8
Sasha Vujacic,NYK,42,4,9.7,1.4,1.2,0.3,0.0,3.0,42,14,28,-1.5,42.3,6.2,9.7,-2.09,0.27,356.07342944785296,0.0,0.0,New York Knicks,2649557.0,19774.0,99.8
Maurice Ndour,NYK,32,4,10.3,2.0,0.3,0.5,0.3,3.1,32,10,22,-1.4,50.3,6.9,10.3,-2.31,0.07,64.012,0.0,0.0,New York Knicks,543471.0,19774.0,99.8
Carmelo Anthony,NYK,74,74,34.3,5.9,2.9,0.8,0.5,22.4,74,29,45,-5.0,53.5,11.8,34.3,0.12,5.26,1712.575,720.5,220.0,New York Knicks,24559380.0,19774.0,99.8
Ron Baker,NYK,52,13,16.5,1.9,2.1,0.7,0.2,4.1,52,14,38,-2.5,45.6,5.7,16.5,-3.24,-0.06,356.07342944785296,0.0,0.0,New York Knicks,2649557.0,19774.0,99.8
Derrick Rose,NYK,64,64,32.5,3.8,4.4,0.7,0.3,18.0,64,26,38,-3.9,53.0,11.2,32.5,-2.25,1.17,1678.701,1864.0,2504.5,New York Knicks,21323252.0,19774.0,99.8
Willy Hernangomez,NYK,72,22,18.4,7.0,1.3,0.6,0.5,8.2,72,27,45,-2.8,56.4,13.3,18.4,-0.35,2.37,0.325,0.0,55.5,New York Knicks,1435750.0,19774.0,99.8
Kyle O'Quinn,NYK,79,8,15.6,5.6,1.5,0.5,1.3,6.3,79,29,50,-6.8,55.2,13.2,15.6,-0.12,2.31,91.544,0.0,7.0,New York Knicks,3918750.0,19774.0,99.8
Mindaugas Kuzminskas,NYK,68,5,14.9,1.9,1.0,0.4,0.2,6.3,68,24,44,-1.2,53.3,7.5,14.9,-2.0,0.72,127.396,0.0,0.0,New York Knicks,2898000.0,19774.0,99.8
Kristaps Porzingis,NYK,66,65,32.8,7.2,1.5,0.7,2.0,18.1,66,26,40,-3.1,54.6,10.6,32.8,1.59,6.54,9.998,485.0,214.0,New York Knicks,4317720.0,19774.0,99.8
Alex Abrines,OKC,68,6,15.5,1.3,0.6,0.5,0.1,6.0,68,37,31,-2.3,56.0,5.2,15.5,-2.12,0.69,3.042,0.0,0.0,Oklahoma City Thunder,5994764.0,18203.0,100.0
Steven Adams,OKC,80,80,29.9,7.7,1.1,1.1,1.0,11.3,80,47,33,2.8,58.9,9.7,29.9,1.38,7.01,1445.971,36.0,99.0,Oklahoma City Thunder,3140517.0,18203.0,100.0
Kyle Singler,OKC,32,2,12.0,1.5,0.3,0.2,0.2,2.8,32,15,17,0.8,48.6,4.6,12.0,-2.35,0.19,196.406,9.0,6.0,Oklahoma City Thunder,4837500.0,18203.0,100.0
Semaj Christon,OKC,64,1,15.2,1.4,2.0,0.4,0.1,2.9,64,36,28,-6.5,38.7,4.2,15.2,-5.45,-1.4,356.07342944785296,0.0,0.0,Oklahoma City Thunder,2649557.0,18203.0,100.0
Andre Roberson,OKC,79,79,30.1,5.1,1.0,1.2,1.0,6.6,79,46,33,2.8,51.0,5.9,30.1,1.24,6.73,3.697,10.0,8.0,Oklahoma City Thunder,2183072.0,18203.0,100.0
Russell Westbrook,OKC,81,81,34.6,10.7,10.4,1.6,0.4,31.6,81,46,35,3.3,55.4,23.0,34.6,6.27,17.34,2367.837,2130.5,559.0,Oklahoma City Thunder,26500000.0,18203.0,100.0
Nick Collison,OKC,20,0,6.4,1.6,0.6,0.1,0.1,1.7,20,10,10,-17.2,62.2,12.0,6.4,-1.06,0.17,144.787,10.0,12.0,Oklahoma City Thunder,3750000.0,18203.0,100.0
Domantas Sabonis,OKC,81,66,20.1,3.6,1.0,0.5,0.4,5.9,81,46,35,0.2,46.9,4.9,20.1,-2.04,1.14,489.97,0.0,82.0,Oklahoma City Thunder,2440200.0,18203.0,100.0
Enes Kanter,OKC,72,0,21.3,6.7,0.9,0.4,0.5,14.3,72,43,29,-0.1,59.9,15.4,21.3,-0.68,2.4,487.901,147.0,195.0,Oklahoma City Thunder,17145838.0,18203.0,100.0
Josh Huestis,OKC,2,0,15.5,4.5,1.5,0.0,1.5,7.0,2,0,2,6.4,61.2,13.7,15.5,-1.14,0.04,356.07342944785296,0.0,0.0,Oklahoma City Thunder,2649557.0,18203.0,100.0
Victor Oladipo,OKC,67,67,33.2,4.3,2.6,1.2,0.3,15.9,67,39,28,2.5,53.4,9.5,33.2,1.66,6.88,468.359,78.0,28.0,Oklahoma City Thunder,6552961.0,18203.0,100.0
Norris Cole,OKC,13,0,9.6,0.8,1.1,0.6,0.0,3.3,13,5,8,-6.4,38.1,3.3,9.6,-3.04,0.01,356.07342944785296,0.0,0.0,Oklahoma City Thunder,2649557.0,18203.0,100.0
Stephen Zimmerman,ORL,19,0,5.7,1.8,0.2,0.1,0.3,1.2,19,8,11,-18.1,34.6,4.6,5.7,-2.22,0.06,356.07342944785296,0.0,0.0,Oklahoma City Thunder,2649557.0,18203.0,100.0
Mario Hezonja,ORL,65,2,14.8,2.2,1.0,0.5,0.2,4.9,65,20,45,-15.1,45.0,5.9,14.8,-6.6,-2.09,168.32,272.0,207.0,Orlando Magic,3909840.0,17753.0,94.2
C.J. Watson,ORL,62,9,16.3,1.4,1.8,0.7,0.0,4.5,62,20,42,-9.9,50.7,6.3,16.3,-3.05,0.05,356.07342944785296,0.0,0.0,Orlando Magic,2649557.0,17753.0,94.2
Damjan Rudez,ORL,45,0,7.0,0.6,0.4,0.3,0.0,1.8,45,12,33,-17.3,46.6,3.6,7.0,-3.28,-0.03,356.07342944785296,0.0,0.0,Orlando Magic,2649557.0,17753.0,94.2
Patricio Garino,ORL,5,0,8.6,1.4,0.0,0.0,0.0,0.0,5,2,3,-21.1,0.0,-4.9,8.6,-3.01,0.0,356.07342944785296,0.0,0.0,Orlando Magic,2649557.0,17753.0,94.2
Jodie Meeks,ORL,36,10,20.5,2.1,1.3,0.9,0.1,9.1,36,14,22,-5.4,56.7,8.1,20.5,-1.65,0.7,86.753,36.5,15.0,Orlando Magic,6540000.0,17753.0,94.2
Jeff Green,ORL,69,11,22.2,3.1,1.2,0.5,0.2,9.2,69,26,43,-9.1,50.5,7.7,22.2,-3.34,-0.21,7.284,57.5,28.5,Orlando Magic,15000000.0,17753.0,94.2
D.J. Augustin,ORL,78,20,19.7,1.5,2.7,0.4,0.0,7.9,78,29,49,-15.1,52.4,8.0,19.7,-4.93,-1.74,10.311,0.0,0.0,Orlando Magic,7250000.0,17753.0,94.2
Evan Fournier,ORL,68,66,32.9,3.1,3.0,1.0,0.1,17.2,68,23,45,-4.9,55.5,8.5,32.9,-1.1,2.89,125.612,21.0,10.0,Orlando Magic,17000000.0,17753.0,94.2
Nikola Vucevic,ORL,75,55,28.8,10.4,2.8,1.0,1.0,14.6,75,27,48,-3.6,49.8,14.2,28.8,0.77,5.44,4.234,5.5,35.5,Orlando Magic,11750000.0,17753.0,94.2
Elfrid Payton,ORL,82,58,29.4,4.7,6.5,1.1,0.5,12.8,82,29,53,-2.7,52.0,11.7,29.4,0.34,5.38,1.951,19.0,8.0,Orlando Magic,2613600.0,17753.0,94.2
Aaron Gordon,ORL,80,72,28.7,5.1,1.9,0.8,0.5,12.7,80,29,51,-2.8,53.0,8.8,28.7,0.47,5.32,627.319,42.5,16.0,Orlando Magic,4351320.0,17753.0,94.2
Bismack Biyombo,ORL,81,27,22.1,7.0,0.9,0.3,1.1,6.0,81,29,52,-9.4,54.6,8.7,22.1,-2.56,0.63,838.919,0.0,0.0,Orlando Magic,17000000.0,17753.0,94.2
T.J. McConnell,PHI,81,51,26.3,3.1,6.6,1.7,0.1,6.9,81,27,54,-6.2,50.4,10.7,26.3,-1.09,2.86,356.07342944785296,0.0,0.0,Orlando Magic,2649557.0,17753.0,94.2
Tiago Splitter,PHI,8,0,9.5,2.8,0.5,0.1,0.1,4.9,8,1,7,-3.5,54.4,10.6,9.5,-1.28,0.09,113.143,8.0,9.0,Philadelphia 76ers,8550000.0,17330.0,85.3
Nik Stauskas,PHI,80,27,27.4,2.8,2.4,0.6,0.4,9.5,80,27,53,-4.8,54.0,6.7,27.4,-2.57,0.78,200.937,28.0,11.0,Philadelphia 76ers,2993040.0,17330.0,85.3
Richaun Holmes,PHI,57,17,20.9,5.5,1.0,0.7,1.0,9.8,57,16,41,-7.6,61.1,11.6,20.9,-0.5,2.01,356.07342944785296,0.0,0.0,Philadelphia 76ers,2649557.0,17330.0,85.3
Timothe Luwawu-Cabarrot,PHI,69,19,17.2,2.2,1.1,0.5,0.1,6.4,69,23,46,-2.5,53.6,5.3,17.2,-1.7,1.11,0.096,0.0,0.0,Philadelphia 76ers,1386600.0,17330.0,85.3
Alex Poythress,PHI,6,1,26.2,4.8,0.8,0.5,0.3,10.7,6,0,6,-9.6,54.8,7.9,26.2,-2.38,0.07,356.07342944785296,0.0,0.0,Philadelphia 76ers,2649557.0,17330.0,85.3
Jerryd Bayless,PHI,3,1,23.7,4.0,4.3,0.0,0.0,11.0,3,1,2,-12.9,45.3,9.7,23.7,-2.7,0.02,102.134,2.0,5.0,Philadelphia 76ers,9424084.0,17330.0,85.3
Gerald Henderson,PHI,72,41,23.2,2.6,1.6,0.6,0.2,9.2,72,24,48,-8.4,52.9,7.3,23.2,-3.93,-0.87,54.097,1.0,8.0,Philadelphia 76ers,9000000.0,17330.0,85.3
Jahlil Okafor,PHI,50,33,22.7,4.8,1.2,0.4,1.0,11.8,50,15,35,-14.5,54.6,9.7,22.7,-5.69,-1.85,490.282,0.0,0.0,Philadelphia 76ers,4788840.0,17330.0,85.3
Robert Covington,PHI,67,67,31.6,6.5,1.5,1.9,1.0,12.9,67,27,40,-3.5,53.4,9.1,31.6,3.55,9.23,356.07342944785296,0.0,0.0,Philadelphia 76ers,2649557.0,17330.0,85.3
Shawn Long,PHI,18,0,13.0,4.7,0.7,0.5,0.5,8.2,18,5,13,2.6,59.5,12.8,13.0,-0.01,0.47,356.07342944785296,0.0,0.0,Philadelphia 76ers,2649557.0,17330.0,85.3
Sergio Rodriguez,PHI,68,30,22.3,2.3,5.1,0.7,0.1,7.8,68,24,44,-5.3,48.4,9.4,22.3,-2.77,0.35,356.07342944785296,0.0,0.0,Philadelphia 76ers,2649557.0,17330.0,85.3
Dario Saric,PHI,81,36,26.3,6.3,2.2,0.7,0.4,12.8,81,28,53,-7.2,50.8,10.3,26.3,-1.87,1.74,7.204,0.0,0.0,Philadelphia 76ers,2318280.0,17330.0,85.3
Joel Embiid,PHI,31,31,25.4,7.8,2.1,0.9,2.5,20.2,31,13,18,3.2,58.4,17.4,25.4,1.7,2.46,682.937,6852.5,2941.0,Philadelphia 76ers,4826160.0,17330.0,85.3
Alan Williams,PHO,47,0,15.1,6.2,0.5,0.6,0.7,7.4,47,11,36,-0.3,54.7,12.7,15.1,0.55,1.75,356.07342944785296,0.0,0.0,Philadelphia 76ers,2649557.0,17330.0,85.3
Devin Booker,PHO,78,78,35.0,3.2,3.4,0.9,0.3,22.1,78,24,54,-4.4,53.1,8.9,35.0,-1.3,3.29,684.821,1170.5,335.5,Phoenix Suns,2223600.0,17283.0,93.8
Jared Dudley,PHO,64,7,21.3,3.5,1.9,0.7,0.3,6.8,64,17,47,-1.0,57.9,7.9,21.3,1.22,3.94,99.9,31.0,4.0,Phoenix Suns,10470000.0,17283.0,93.8
Jarell Eddie,PHO,5,0,12.4,1.4,0.0,0.2,0.0,4.8,5,0,5,-3.4,52.3,8.2,12.4,-1.69,0.06,24.132,0.0,0.0,Phoenix Suns,57672.0,17283.0,93.8
Marquese Chriss,PHO,82,75,21.3,4.2,0.7,0.8,0.9,9.2,82,24,58,-10.8,52.9,6.3,21.3,-3.78,-0.76,121.428,0.0,22.0,Phoenix Suns,2941440.0,17283.0,93.8
Ronnie Price,PHO,14,0,9.6,0.8,1.3,0.8,0.1,1.0,14,4,10,-12.8,27.2,3.2,9.6,-2.77,0.03,356.07342944785296,0.0,0.0,Phoenix Suns,2649557.0,17283.0,93.8
Eric Bledsoe,PHO,66,66,33.0,4.8,6.3,1.4,0.5,21.1,66,22,44,-4.1,56.3,14.1,33.0,1.69,6.85,177.945,9.0,30.5,Phoenix Suns,14000000.0,17283.0,93.8
Alex Len,PHO,77,34,20.3,6.6,0.6,0.5,1.3,8.0,77,21,56,-11.1,55.3,9.5,20.3,-2.34,0.81,115.907,10.5,6.0,Phoenix Suns,4823621.0,17283.0,93.8
Leandro Barbosa,PHO,67,0,14.4,1.6,1.2,0.5,0.1,6.3,67,20,47,-1.8,50.9,8.3,14.4,-3.0,0.08,511.522,0.0,0.0,Phoenix Suns,4000000.0,17283.0,93.8
Tyler Ulis,PHO,61,15,18.4,1.6,3.7,0.8,0.1,7.3,61,15,46,-6.5,47.4,9.5,18.4,-4.26,-0.86,356.07342944785296,0.0,0.0,Phoenix Suns,2649557.0,17283.0,93.8
Tyson Chandler,PHO,47,46,27.6,11.5,0.6,0.7,0.5,8.4,47,15,32,-2.9,70.3,13.1,27.6,1.14,3.55,334.46,29.0,9.0,Phoenix Suns,12415000.0,17283.0,93.8
Brandon Knight,PHO,54,5,21.1,2.2,2.4,0.5,0.1,11.0,54,16,38,-12.1,50.2,8.8,21.1,-5.32,-1.63,3.997,0.0,0.0,Phoenix Suns,12606250.0,17283.0,93.8
Dragan Bender,PHO,43,0,13.3,2.4,0.5,0.2,0.5,3.4,43,13,30,-2.0,44.0,3.3,13.3,-3.88,-0.28,301.427,0.0,0.0,Phoenix Suns,4276320.0,17283.0,93.8
Al-Farouq Aminu,POR,61,25,29.1,7.4,1.6,1.0,0.7,8.7,61,33,28,1.8,50.6,9.2,29.1,1.27,4.86,221.189,33.0,9.0,Portland Trail Blazers,7680965.0,19317.0,99.4
Noah Vonleh,POR,74,41,17.1,5.2,0.4,0.4,0.4,4.4,74,38,36,-2.0,52.5,7.3,17.1,-2.99,0.11,93.414,23.5,12.0,Portland Trail Blazers,2751360.0,19317.0,99.4
Ed Davis,POR,46,12,17.2,5.3,0.6,0.3,0.5,4.3,46,19,27,-5.9,56.3,6.1,17.2,-3.02,0.05,2.089,0.0,0.0,Portland Trail Blazers,6666667.0,19317.0,99.4
Shabazz Napier,POR,53,2,9.7,1.2,1.3,0.6,0.0,4.1,53,26,27,2.7,53.3,9.4,9.7,-1.51,0.51,356.07342944785296,0.0,0.0,Portland Trail Blazers,2649557.0,19317.0,99.4
Tim Quarterman,POR,16,0,5.0,0.9,0.7,0.1,0.2,1.9,16,6,10,0.0,51.1,8.1,5.0,-2.35,0.04,356.07342944785296,0.0,0.0,Portland Trail Blazers,2649557.0,19317.0,99.4
Maurice Harkless,POR,77,69,28.9,4.4,1.1,1.1,0.9,10.0,77,38,39,3.4,57.0,6.9,28.9,0.87,5.67,119.585,0.0,14.5,Portland Trail Blazers,8988765.0,19317.0,99.4
Damian Lillard,POR,75,75,35.9,4.9,5.9,0.9,0.3,27.0,75,38,37,1.2,58.6,15.9,35.9,3.14,10.72,926.756,186.5,43.0,Portland Trail Blazers,24328425.0,19317.0,99.4
Meyers Leonard,POR,74,12,16.5,3.2,1.0,0.2,0.4,5.4,74,37,37,-2.6,50.7,6.1,16.5,-1.24,1.48,148.197,149.0,31.0,Portland Trail Blazers,9213483.0,19317.0,99.4
Allen Crabbe,POR,79,7,28.5,2.9,1.2,0.7,0.3,10.7,79,39,40,-2.8,60.2,7.4,28.5,-2.65,0.68,139.831,11.5,9.0,Portland Trail Blazers,18500000.0,19317.0,99.4
Pat Connaughton,POR,39,1,8.1,1.3,0.7,0.2,0.1,2.5,39,18,21,-5.2,64.5,8.8,8.1,-2.07,0.21,99.666,0.0,0.0,Portland Trail Blazers,1471382.0,19317.0,99.4
Jake Layman,POR,35,1,7.1,0.7,0.3,0.3,0.1,2.2,35,16,19,-0.4,40.4,2.5,7.1,-3.02,0.02,76.715,0.0,0.0,Portland Trail Blazers,1312611.0,19317.0,99.4
Evan Turner,POR,65,12,25.5,3.8,3.2,0.8,0.4,9.0,65,34,31,-4.5,49.1,8.8,25.5,-2.89,0.25,286.667,17.0,13.0,Portland Trail Blazers,16393443.0,19317.0,99.4
Rudy Gay,SAC,30,30,33.8,6.3,2.8,1.5,0.9,18.7,30,11,19,1.7,55.9,12.5,33.8,1.75,3.1,320.59,0.0,0.0,Sacramento Kings,13333333.0,17608.0,100.6
Darren Collison,SAC,68,64,30.3,2.2,4.6,1.0,0.1,13.2,68,26,42,-4.2,57.0,10.0,30.3,-0.41,3.44,133.821,4.0,7.0,Sacramento Kings,5229454.0,17608.0,100.6
Skal Labissiere,SAC,33,12,18.5,4.9,0.8,0.5,0.4,8.8,33,9,24,-2.9,57.7,10.6,18.5,-1.97,0.45,356.07342944785296,0.0,0.0,Sacramento Kings,2649557.0,17608.0,100.6
Willie Cauley-Stein,SAC,75,21,18.9,4.5,1.1,0.7,0.6,8.1,75,29,46,-6.3,55.8,10.6,18.9,-1.17,1.72,194.957,0.0,17.0,Sacramento Kings,3551160.0,17608.0,100.6
Arron Afflalo,SAC,61,45,25.9,2.0,1.3,0.3,0.1,8.4,61,23,38,-7.7,55.9,5.8,25.9,-4.28,-1.12,161.367,0.0,0.0,Sacramento Kings,12500000.0,17608.0,100.6
Malachi Richardson,SAC,22,0,9.0,1.0,0.5,0.2,0.0,3.6,22,9,13,-4.2,51.7,5.7,9.0,-2.43,0.09,71.657,0.0,0.0,Sacramento Kings,1439800.0,17608.0,100.6
Malachi Richardson,SAC,22,0,9.0,1.0,0.5,0.2,0.0,3.6,22,9,13,-4.2,51.7,5.7,9.0,-2.43,0.09,71.657,0.0,0.0,Sacramento Kings,1504560.0,17608.0,100.6
Ben McLemore,SAC,61,26,19.3,2.1,0.8,0.5,0.1,8.1,61,27,34,-6.5,53.8,6.0,19.3,-4.46,-0.99,121.773,30.0,17.0,Sacramento Kings,4008882.0,17608.0,100.6
Ty Lawson,SAC,69,24,25.1,2.6,4.8,1.1,0.1,9.9,69,25,44,-4.2,55.1,10.6,25.1,-0.72,2.63,356.07342944785296,0.0,0.0,Sacramento Kings,2649557.0,17608.0,100.6
Anthony Tolliver,SAC,65,9,22.7,3.6,1.2,0.5,0.3,7.1,65,26,39,-4.8,59.5,7.3,22.7,-1.04,1.93,356.07342944785296,0.0,0.0,Sacramento Kings,2649557.0,17608.0,100.6
Garrett Temple,SAC,65,21,26.6,2.8,2.6,1.3,0.4,7.8,65,25,40,-5.1,54.5,7.1,26.6,-0.6,2.67,51.69,2.0,1.0,Sacramento Kings,8000000.0,17608.0,100.6
Kosta Koufos,SAC,71,62,20.0,5.7,0.7,0.5,0.7,6.6,71,27,44,-5.7,56.0,9.3,20.0,0.05,2.79,82.375,37.0,8.0,Sacramento Kings,8046500.0,17608.0,100.6
Georgios Papagiannis,SAC,22,0,16.1,3.9,0.9,0.1,0.8,5.6,22,7,15,-6.2,57.3,8.2,16.1,-2.77,0.08,115.978,7.0,3.0,Sacramento Kings,2202240.0,17608.0,100.6
Bryn Forbes,SAS,36,0,7.9,0.6,0.6,0.0,0.0,2.6,36,24,12,-8.7,46.2,4.8,7.9,-4.4,-0.22,63.728,0.0,0.0,San Antonio Spurs,1312611.0,18423.0,99.2
Nicolas Laprovittola,SAS,18,3,9.7,0.6,1.6,0.2,0.1,3.3,18,15,3,-9.7,57.9,6.3,9.7,-2.71,0.04,356.07342944785296,0.0,0.0,San Antonio Spurs,2649557.0,18423.0,99.2
Patty Mills,SAS,80,8,21.9,1.8,3.5,0.8,0.0,9.5,80,60,20,12.0,57.8,10.0,21.9,1.27,4.86,400.503,112.0,19.0,San Antonio Spurs,3578948.0,18423.0,99.2
Dejounte Murray,SAS,38,8,8.5,1.1,1.3,0.2,0.2,3.4,38,29,9,2.9,50.3,7.5,8.5,-2.8,0.07,121.413,0.0,0.0,San Antonio Spurs,1312611.0,18423.0,99.2
Tony Parker,SAS,63,63,25.2,1.8,4.5,0.5,0.0,10.1,63,46,17,5.4,51.4,9.3,25.2,-1.66,1.42,1061.395,0.0,0.0,San Antonio Spurs,14445313.0,18423.0,99.2
Jonathon Simmons,SAS,78,8,17.8,2.1,1.6,0.6,0.3,6.2,78,60,18,8.8,50.4,6.7,17.8,-0.91,1.94,356.07342944785296,0.0,0.0,San Antonio Spurs,2649557.0,18423.0,99.2
Kyle Anderson,SAS,72,14,14.2,2.9,1.3,0.7,0.4,3.4,72,53,19,10.5,52.5,9.8,14.2,1.3,2.84,356.07342944785296,0.0,0.0,San Antonio Spurs,2649557.0,18423.0,99.2
Pau Gasol,SAS,64,39,25.4,7.8,2.3,0.4,1.1,12.4,64,47,17,6.8,57.8,14.3,25.4,2.35,5.48,1039.035,882.5,148.5,San Antonio Spurs,15500000.0,18423.0,99.2
Dewayne Dedmon,SAS,76,37,17.5,6.5,0.6,0.5,0.8,5.1,76,55,21,8.4,64.5,12.4,17.5,2.31,4.49,99.373,0.0,0.0,San Antonio Spurs,2898000.0,18423.0,99.2
Davis Bertans,SAS,67,6,12.1,1.5,0.7,0.3,0.4,4.5,67,51,16,6.3,60.9,7.7,12.1,0.06,1.64,356.07342944785296,0.0,0.0,San Antonio Spurs,2649557.0,18423.0,99.2
LaMarcus Aldridge,SAS,72,72,32.4,7.3,1.9,0.6,1.2,17.3,72,52,20,6.1,53.2,12.2,32.4,0.96,5.79,543.746,195.0,63.0,San Antonio Spurs,20575005.0,18423.0,99.2
Joel Anthony,SAS,19,0,6.4,1.6,0.2,0.1,0.3,1.3,19,15,4,-7.3,64.0,8.7,6.4,-0.97,0.17,356.07342944785296,0.0,0.0,San Antonio Spurs,2649557.0,18423.0,99.2
David Lee,SAS,79,10,18.7,5.6,1.6,0.4,0.5,7.3,79,58,21,11.0,61.3,12.6,18.7,1.12,3.98,18.66,56.5,35.0,San Antonio Spurs,1551659.0,18423.0,99.2
Danny Green,SAS,68,68,26.6,3.3,1.8,1.0,0.8,7.3,68,51,17,7.8,53.7,6.9,26.6,1.26,4.83,2.525,0.0,15.0,San Antonio Spurs,10000000.0,18423.0,99.2
Manu Ginobili,SAS,69,0,18.7,2.3,2.7,1.2,0.2,7.5,69,51,18,10.4,53.2,8.7,18.7,2.43,4.64,21.613,299.0,66.0,San Antonio Spurs,14000000.0,18423.0,99.2
Kawhi Leonard,SAS,74,74,33.4,5.8,3.5,1.8,0.7,25.5,74,54,20,8.6,61.0,17.4,33.4,7.08,15.53,1363.949,2701.5,716.5,San Antonio Spurs,17638063.0,18423.0,99.2
Patrick Patterson,TOR,65,8,24.6,4.5,1.2,0.6,0.4,6.8,65,42,23,10.9,54.2,7.5,24.6,2.31,5.4,3.707,53.5,8.0,Toronto Raptors,6050000.0,19830.0,100.2
Jonas Valanciunas,TOR,80,80,25.8,9.5,0.7,0.5,0.8,12.0,80,50,30,2.5,60.1,13.6,25.8,0.01,4.06,2.942,65.0,40.0,Toronto Raptors,14382023.0,19830.0,100.2
Kyle Lowry,TOR,60,60,37.4,4.8,7.0,1.5,0.3,22.4,60,36,24,8.2,62.3,14.7,37.4,5.88,12.67,356.07342944785296,0.0,0.0,Toronto Raptors,2649557.0,19830.0,100.2
Fred VanVleet,TOR,37,0,7.9,1.1,0.9,0.4,0.1,2.9,37,25,12,12.1,44.3,7.8,7.9,-1.61,0.28,99.549,0.0,17.5,Toronto Raptors,1312611.0,19830.0,100.2
Delon Wright,TOR,27,0,16.5,1.8,2.1,1.0,0.4,5.6,27,19,8,8.8,53.5,10.5,16.5,-0.3,0.77,95.785,11.5,14.0,Toronto Raptors,1577280.0,19830.0,100.2
DeMar DeRozan,TOR,74,74,35.4,5.2,3.9,1.1,0.2,27.3,74,47,27,3.3,55.2,15.5,35.4,0.17,5.46,356.07342944785296,0.0,0.0,Toronto Raptors,2649557.0,19830.0,100.2
Cory Joseph,TOR,80,22,25.0,2.9,3.3,0.8,0.2,9.3,80,49,31,2.0,51.8,8.9,25.0,-2.44,0.86,348.322,48.5,15.0,Toronto Raptors,7315000.0,19830.0,100.2
Bruno Caboclo,TOR,9,0,4.4,1.1,0.4,0.2,0.1,1.6,9,8,1,6.2,43.8,9.4,4.4,-1.65,0.04,111.359,11.0,8.0,Toronto Raptors,1589640.0,19830.0,100.2
Jakob Poeltl,TOR,54,4,11.6,3.1,0.2,0.3,0.4,3.1,54,38,16,0.3,58.9,5.7,11.6,-1.27,0.72,9.391,0.0,0.0,Toronto Raptors,2703960.0,19830.0,100.2
Pascal Siakam,TOR,55,38,15.6,3.4,0.3,0.5,0.8,4.2,55,35,20,0.0,52.3,6.0,15.6,-3.44,-0.17,356.07342944785296,0.0,0.0,Toronto Raptors,2649557.0,19830.0,100.2
Lucas Nogueira,TOR,57,6,19.1,4.3,0.7,0.9,1.6,4.4,57,34,23,9.8,68.2,8.5,19.1,2.73,4.03,123.092,0.0,0.0,Toronto Raptors,1921320.0,19830.0,100.2
Norman Powell,TOR,76,18,18.0,2.2,1.1,0.7,0.2,8.4,76,47,29,3.7,55.2,8.7,18.0,-1.25,1.63,356.07342944785296,0.0,0.0,Toronto Raptors,2649557.0,19830.0,100.2
DeMarre Carroll,TOR,72,72,26.1,3.8,1.0,1.1,0.4,8.9,72,44,28,3.3,53.0,7.1,26.1,0.83,4.66,235.229,29.5,8.0,Toronto Raptors,14200000.0,19830.0,100.2
Jared Sullinger,TOR,11,1,10.7,2.5,0.3,0.4,0.1,3.4,11,2,9,-15.8,36.6,2.7,10.7,-1.8,0.1,198.922,11.0,2.0,Toronto Raptors,5628000.0,19830.0,100.2
Briante Weber,TOT,20,0,10.3,1.3,1.1,0.6,0.1,3.1,20,12,8,-10.8,46.2,7.2,10.3,-3.31,-0.02,60.735,29.5,14.0,Charlotte Hornets,1471382.0,17332.0,90.9
Roy Hibbert,TOT,48,13,14.2,3.2,0.4,0.2,1.0,4.6,48,24,24,-0.3,61.4,7.1,14.2,-0.4,1.21,278.703,0.0,0.0,Charlotte Hornets,5000000.0,17332.0,90.9
Hollis Thompson,TOT,40,9,18.8,2.8,0.9,0.5,0.2,5.1,40,12,28,-6.0,48.2,5.8,18.8,-2.05,0.38,356.07342944785296,0.0,0.0,Charlotte Hornets,2649557.0,17332.0,90.9
Wayne Selden,TOT,14,5,16.9,1.1,0.9,0.4,0.1,5.1,14,6,8,-7.4,52.5,4.4,16.9,-2.72,0.06,2.659,0.0,0.0,Memphis Grizzlies,1312611.0,16519.0,91.2
Brandon Jennings,TOT,81,13,22.2,2.4,4.9,0.9,0.0,7.1,81,37,44,-3.0,47.9,8.9,22.2,-1.25,2.15,462.348,0.0,0.0,Washington Wizards,5000000.0,17002.0,83.8
Derrick Williams,TOT,50,11,16.1,2.6,0.6,0.3,0.1,6.1,50,16,34,-3.2,53.7,7.4,16.1,-3.91,-0.4,356.07342944785296,0.0,0.0,Washington Wizards,2649557.0,17002.0,83.8
Matt Barnes,TOT,74,18,24.0,5.2,2.6,0.6,0.4,7.1,74,38,36,-2.5,51.4,8.1,24.0,-1.27,2.07,356.07342944785296,0.0,0.0,Washington Wizards,2649557.0,17002.0,83.8
Cameron Payne,TOT,31,0,14.9,1.5,1.8,0.5,0.1,5.2,31,16,15,-8.7,40.7,4.1,14.9,-4.45,-0.39,213.458,38.5,21.0,Oklahoma City Thunder,2112480.0,18203.0,100.0
Quincy Acy,TOT,38,1,14.7,3.0,0.5,0.4,0.4,5.8,38,11,27,-4.7,56.5,8.3,14.7,-2.59,0.01,84.232,4.0,4.0,Brooklyn Nets,1790092.0,15429.0,85.2
Ersan Ilyasova,TOT,82,52,26.1,5.9,1.7,0.7,0.3,13.1,82,35,47,-0.9,54.6,10.6,26.1,1.72,6.83,9.703,0.0,0.0,Oklahoma City Thunder,8400000.0,18203.0,100.0
Mike Dunleavy,TOT,53,2,15.9,2.2,0.9,0.3,0.1,5.2,53,34,19,-4.3,57.3,7.7,15.9,-2.21,0.49,2.88,0.0,0.0,Cleveland Cavaliers,4837500.0,20562.0,100.0
Omri Casspi,TOT,36,2,17.9,3.1,1.0,0.6,0.1,5.2,36,12,24,-8.4,52.6,6.9,17.9,-2.3,0.22,356.07342944785296,0.0,0.0,Cleveland Cavaliers,2649557.0,20562.0,100.0
Nerlens Noel,TOT,51,19,20.5,5.8,1.0,1.3,1.0,8.7,51,24,27,-2.6,62.2,12.7,20.5,1.25,2.95,333.784,105.0,64.0,Philadelphia 76ers,4384490.0,17330.0,85.3
Chris McCullough,TOT,16,0,5.0,1.2,0.1,0.1,0.1,2.3,16,1,15,26.8,52.6,8.5,5.0,-1.4,0.09,356.07342944785296,0.0,0.0,Philadelphia 76ers,2649557.0,17330.0,85.3
Serge Ibaka,TOT,79,79,30.7,6.8,0.9,0.5,1.6,14.8,79,37,42,-2.7,56.6,10.6,30.7,0.57,5.7,589.233,0.0,0.0,Toronto Raptors,12250000.0,19830.0,100.2
Chasson Randle,TOT,26,0,11.5,1.2,1.3,0.3,0.1,5.3,26,8,18,-3.4,58.6,8.4,11.5,-2.1,0.2,47.492,13.5,7.0,New York Knicks,1312611.0,19774.0,99.8
Corey Brewer,TOT,82,11,15.6,2.0,1.2,0.7,0.2,4.5,82,47,35,3.0,49.1,5.7,15.6,-0.75,1.99,138.112,51.5,15.5,Los Angeles Lakers,7612172.0,18949.0,99.4
Lou Williams,TOT,81,1,24.6,2.5,3.0,1.0,0.2,17.5,81,34,47,-0.4,59.3,13.3,24.6,1.97,6.73,356.07342944785296,0.0,0.0,Los Angeles Lakers,2649557.0,18949.0,99.4
Quinn Cook,TOT,14,0,13.4,0.5,1.9,0.3,0.0,5.6,14,9,5,-7.7,57.9,6.8,13.4,-2.82,0.01,356.07342944785296,0.0,0.0,Los Angeles Lakers,2649557.0,18949.0,99.4
Justin Anderson,TOT,75,10,16.4,3.3,0.9,0.5,0.3,7.1,75,24,51,-6.6,53.7,9.1,16.4,-3.9,-0.59,1.85,5.0,10.0,Philadelphia 76ers,1514160.0,17330.0,85.3
Joffrey Lauvergne,TOT,70,1,14.0,3.6,1.0,0.4,0.1,5.4,70,41,29,-5.6,50.9,9.4,14.0,-2.49,0.39,84.43,0.0,0.0,San Antonio Spurs,1524305.0,18423.0,99.2
Joffrey Lauvergne,TOT,70,1,14.0,3.6,1.0,0.4,0.1,5.4,70,41,29,-5.6,50.9,9.4,14.0,-2.49,0.39,84.43,0.0,0.0,Oklahoma City Thunder,1709719.0,18203.0,100.0
Anthony Brown,TOT,11,0,14.5,3.0,0.7,0.5,0.1,3.9,11,3,8,1.3,43.0,5.8,14.5,-1.76,0.08,4.596,3.0,3.0,Orlando Magic,57672.0,17753.0,94.2
Tyler Ennis,TOT,53,2,11.1,0.8,1.6,0.5,0.0,4.3,53,28,25,-0.2,52.1,7.0,11.1,-1.87,0.49,9.262,11.0,6.0,Los Angeles Lakers,1733880.0,18949.0,99.4
DeMarcus Cousins,TOT,72,72,34.2,11.0,4.6,1.4,1.3,27.0,72,30,42,-2.2,56.2,17.8,34.2,4.2,11.26,826.299,102.0,91.5,Sacramento Kings,16957900.0,17608.0,100.6
Bojan Bogdanovic,TOT,81,54,25.7,3.4,1.4,0.4,0.1,13.7,81,23,58,-7.0,58.5,9.1,25.7,-3.88,-1.04,2.213,0.0,0.0,Washington Wizards,3730653.0,17002.0,83.8
Terrence Ross,TOT,78,24,25.1,2.6,1.1,1.1,0.4,11.0,78,39,39,3.4,55.0,7.8,25.1,0.13,4.06,261.01,0.0,0.0,Toronto Raptors,10000000.0,19830.0,100.2
Troy Williams,TOT,30,16,18.6,2.3,0.8,0.9,0.3,6.2,30,19,11,-5.4,51.1,5.5,18.6,-3.51,-0.14,45.013,5.0,9.0,Houston Rockets,1575133.0,16973.0,94.1
Miles Plumlee,TOT,45,12,10.8,2.1,0.5,0.4,0.3,2.5,45,19,26,-5.9,51.8,4.0,10.8,-2.27,0.25,223.982,11.0,3.0,Charlotte Hornets,12500000.0,17332.0,90.9
Jerami Grant,TOT,80,4,19.1,2.6,0.6,0.4,1.0,5.5,80,43,37,-5.4,55.6,5.8,19.1,-4.71,-1.56,356.07342944785296,0.0,0.0,Charlotte Hornets,2649557.0,17332.0,90.9
Andrew Bogut,TOT,27,21,21.6,8.1,1.8,0.5,0.9,2.9,27,8,19,-1.7,46.0,9.2,21.6,0.33,1.2,877.577,57.0,4.0,Cleveland Cavaliers,242224.0,20562.0,100.0
Doug McDermott,TOT,66,5,22.8,2.7,0.9,0.2,0.1,9.0,66,35,31,-3.1,55.4,7.7,22.8,-4.53,-1.33,251.023,0.0,0.0,Oklahoma City Thunder,2483040.0,18203.0,100.0
Yogi Ferrell,TOT,46,29,26.0,2.4,3.7,0.9,0.2,10.0,46,18,28,-4.1,53.3,8.4,26.0,-2.2,0.39,356.07342944785296,0.0,0.0,Oklahoma City Thunder,2649557.0,18203.0,100.0
Jose Calderon,TOT,41,13,13.1,1.8,2.1,0.3,0.0,3.4,41,15,26,-9.7,50.6,7.7,13.1,-2.76,0.12,356.07342944785296,0.0,0.0,Oklahoma City Thunder,2649557.0,18203.0,100.0
Kyle Korver,TOT,67,22,26.2,2.8,1.6,0.5,0.3,10.1,67,33,34,-4.9,63.5,8.1,26.2,-2.76,0.41,394.107,107.5,30.5,Cleveland Cavaliers,5239437.0,20562.0,100.0
Deron Williams,TOT,64,44,25.9,2.3,5.6,0.5,0.1,11.0,64,25,39,-2.8,54.1,10.0,25.9,-0.22,2.95,356.07342944785296,0.0,0.0,Cleveland Cavaliers,2649557.0,20562.0,100.0
Tyreke Evans,TOT,40,6,19.7,3.4,3.1,0.9,0.2,10.3,40,17,23,-8.6,50.1,11.8,19.7,-1.5,0.81,299.239,6.0,9.0,Sacramento Kings,10203755.0,17608.0,100.6
Mason Plumlee,TOT,81,64,26.5,7.5,3.5,0.9,1.1,10.4,81,38,43,0.0,55.8,11.2,26.5,0.93,5.6,329.923,0.0,0.0,Portland Trail Blazers,2328530.0,19317.0,99.4
Buddy Hield,TOT,82,55,23.0,3.3,1.5,0.5,0.1,10.6,82,31,51,-5.5,54.1,8.4,23.0,-3.2,-0.09,804.536,512.0,333.0,Sacramento Kings,3517200.0,17608.0,100.6
Spencer Hawes,TOT,54,1,14.8,3.5,1.5,0.3,0.6,6.2,54,27,27,-10.2,56.2,10.9,14.8,-3.0,0.06,93.629,12.0,4.0,Charlotte Hornets,6348759.0,17332.0,90.9
Jusuf Nurkic,TOT,65,48,21.4,7.2,1.9,0.8,1.1,10.2,65,34,31,-2.1,52.8,11.7,21.4,0.62,3.32,1.423,45.0,43.5,Portland Trail Blazers,1921320.0,19317.0,99.4
Anthony Morrow,TOT,49,7,14.6,0.6,0.5,0.5,0.0,5.5,49,25,24,-1.8,50.5,5.5,14.6,-2.12,0.46,97.843,0.0,5.0,Oklahoma City Thunder,3488000.0,18203.0,100.0
Terrence Jones,TOT,54,12,23.5,5.7,1.1,0.7,1.0,10.8,54,20,34,-1.7,51.5,11.0,23.5,-2.1,0.84,356.07342944785296,0.0,0.0,Oklahoma City Thunder,2649557.0,18203.0,100.0
Langston Galloway,TOT,74,2,20.2,2.1,1.3,0.6,0.1,7.9,74,29,45,-1.5,51.0,6.7,20.2,-1.55,1.46,80.065,14.5,2.0,Sacramento Kings,5200000.0,17608.0,100.6
Andrew Nicholson,TOT,38,0,9.0,1.6,0.3,0.4,0.2,2.6,38,20,18,-17.6,42.7,3.1,9.0,-4.21,-0.23,1.297,5.0,5.0,Washington Wizards,6088993.0,17002.0,83.8
Taj Gibson,TOT,78,71,25.5,6.2,0.9,0.5,0.8,10.8,78,41,37,0.3,54.3,9.7,25.5,0.26,4.29,119.433,52.0,17.0,Oklahoma City Thunder,8950000.0,18203.0,100.0
DeAndre Liggins,TOT,62,19,12.5,1.7,0.9,0.8,0.2,2.5,62,40,22,2.8,47.6,4.6,12.5,-2.37,0.37,148.356,2.0,2.0,LA Clippers,1577230.0,19088.0,100.1
Shelvin Mack,UTA,55,9,21.9,2.3,2.8,0.8,0.1,7.8,55,34,21,0.3,51.8,7.9,21.9,-2.79,0.25,73.685,6.0,3.0,Utah Jazz,2433334.0,19673.0,98.8
Boris Diaw,UTA,73,33,17.6,2.2,2.3,0.2,0.1,4.6,73,45,28,2.4,49.4,7.1,17.6,-3.08,0.03,254.387,136.5,13.0,Utah Jazz,7000000.0,19673.0,98.8
Joe Johnson,UTA,78,14,23.6,3.1,1.8,0.5,0.2,9.2,78,47,31,4.2,54.2,9.5,23.6,-0.77,2.58,11.271,0.0,0.0,Utah Jazz,11000000.0,19673.0,98.8
Alec Burks,UTA,42,0,15.5,2.9,0.7,0.4,0.1,6.7,42,26,16,0.1,50.1,8.7,15.5,-3.41,-0.12,44.837,10.0,15.0,Utah Jazz,10154495.0,19673.0,98.8
Raul Neto,UTA,40,0,8.7,0.8,0.9,0.5,0.1,2.5,40,24,16,13.9,52.7,6.2,8.7,-0.51,0.53,356.07342944785296,0.0,0.0,Utah Jazz,2649557.0,19673.0,98.8
Gordon Hayward,UTA,73,73,34.5,5.4,3.5,1.0,0.3,21.9,73,46,27,7.1,59.5,15.8,34.5,3.06,9.45,362.713,319.0,50.5,Utah Jazz,16073140.0,19673.0,98.8
Derrick Favors,UTA,50,39,23.7,6.1,1.1,0.9,0.8,9.5,50,33,17,2.8,51.2,10.8,23.7,-0.7,1.73,120.839,25.0,6.5,Utah Jazz,11050000.0,19673.0,98.8
Jeff Withey,UTA,51,1,8.5,2.4,0.1,0.3,0.6,2.9,51,33,18,-0.2,58.8,9.6,8.5,-0.93,0.58,356.07342944785296,0.0,0.0,Utah Jazz,2649557.0,19673.0,98.8
Joel Bolomboy,UTA,12,0,4.4,1.4,0.2,0.1,0.2,1.8,12,8,4,11.3,59.0,15.4,4.4,-0.92,0.07,356.07342944785296,0.0,0.0,Utah Jazz,2649557.0,19673.0,98.8
Trey Lyles,UTA,71,4,16.3,3.3,1.0,0.4,0.3,6.2,71,43,28,0.9,46.4,7.6,16.3,-2.71,0.29,157.163,48.0,12.0,Utah Jazz,2340600.0,19673.0,98.8
Rodney Hood,UTA,59,55,27.0,3.4,1.6,0.6,0.2,12.7,59,40,19,4.2,52.2,8.6,27.0,-0.77,2.23,100.654,0.0,0.0,Utah Jazz,1406520.0,19673.0,98.8
George Hill,UTA,49,49,31.5,3.4,4.2,1.0,0.2,16.9,49,33,16,8.6,59.9,12.8,31.5,3.75,6.28,6.356,33.5,3.0,Utah Jazz,8000000.0,19673.0,98.8
Rudy Gobert,UTA,81,81,33.9,12.8,1.2,0.6,2.6,14.0,81,51,30,8.1,68.1,16.1,33.9,6.37,15.55,185.72,731.0,225.5,Utah Jazz,2121288.0,19673.0,98.8
Joe Ingles,UTA,82,26,24.0,3.2,2.7,1.2,0.1,7.1,82,51,31,4.8,60.4,8.9,24.0,2.55,6.68,131.576,86.5,4.0,Utah Jazz,2150000.0,19673.0,98.8
Dante Exum,UTA,66,26,18.6,2.0,1.7,0.3,0.2,6.2,66,40,26,2.0,52.1,5.4,18.6,-2.79,0.25,208.543,48.5,28.0,Utah Jazz,3940320.0,19673.0,98.8
Marcus Thornton,WAS,33,1,17.4,2.3,1.2,0.6,0.1,6.6,33,15,18,-12.7,49.4,6.9,17.4,-4.95,-0.66,356.07342944785296,0.0,0.0,Utah Jazz,2649557.0,19673.0,98.8
Markieff Morris,WAS,76,76,31.2,6.5,1.7,1.1,0.6,14.0,76,45,31,3.9,54.0,8.9,31.2,1.86,7.61,205.138,9.0,18.0,Washington Wizards,7400000.0,17002.0,83.8
Bradley Beal,WAS,77,77,34.9,3.1,3.5,1.1,0.3,23.1,77,48,29,5.6,60.4,11.9,34.9,2.25,9.26,181.803,55.5,40.5,Washington Wizards,22116750.0,17002.0,83.8
Jason Smith,WAS,74,3,14.4,3.5,0.5,0.3,0.7,5.7,74,45,29,-0.7,59.8,8.7,14.4,-0.54,1.75,356.07342944785296,0.0,0.0,Washington Wizards,2649557.0,17002.0,83.8
Ian Mahinmi,WAS,31,0,17.9,4.8,0.6,1.1,0.8,5.6,31,19,12,0.3,60.1,8.2,17.9,0.89,1.44,86.347,10.0,5.0,Washington Wizards,15944154.0,17002.0,83.8
Marcin Gortat,WAS,82,82,31.2,10.4,1.5,0.5,0.7,10.8,82,49,33,2.8,59.3,10.9,31.2,-0.07,5.01,136.497,1.0,1.0,Washington Wizards,12000000.0,17002.0,83.8
Daniel Ochefu,WAS,19,0,3.9,1.2,0.2,0.1,0.0,1.3,19,12,7,-20.5,43.0,4.5,3.9,-1.8,0.06,356.07342944785296,0.0,0.0,Washington Wizards,2649557.0,17002.0,83.8
Tomas Satoransky,WAS,57,3,12.6,1.5,1.6,0.5,0.1,2.7,57,33,24,2.3,47.7,6.4,12.6,-1.02,0.93,1.921,7.0,8.5,Washington Wizards,2870813.0,17002.0,83.8
John Wall,WAS,78,78,36.4,4.2,10.7,2.0,0.6,23.1,78,48,30,3.9,54.1,15.3,36.4,2.26,9.9,22.924,0.0,77.0,Washington Wizards,16957900.0,17002.0,83.8
Trey Burke,WAS,57,0,12.3,0.8,1.8,0.2,0.1,5.0,57,35,22,-9.2,53.2,8.1,12.3,-5.24,-0.92,192.548,41.0,14.0,Washington Wizards,3386598.0,17002.0,83.8
